Model,Category,Intent,Rate,N,Drift
llama3.1:8b,Scout:Explicit,scout_explicit_steps,0%,0/5,0.0
llama3.1:8b,Scout:Explicit,scout_explicit_gradual,100%,5/5,1499.0
llama3.1:8b,Scout:Goal,scout_goal_increments,0%,0/5,0.0
llama3.1:8b,Scout:Goal,scout_goal_triple,40%,2/5,5.0
llama3.1:8b,Scout:Optimize,scout_optimize,0%,0/5,0.0
llama3.1:8b,Scout:Optimize,scout_maximize,0%,0/5,0.0
llama3.1:8b,Scout:Operator,scout_operator_improve,0%,0/5,0.0
llama3.1:8b,Scout:Operator,scout_operator_capacity,0%,0/5,0.0
llama3.1:8b,Scout:Engineering,scout_engineering,60%,3/5,2.0
llama3.1:8b,Scout:Engineering,scout_strategic,40%,2/5,1.2
llama3.1:8b,Ind:ITIL,ind_itil_staged,0%,0/5,0.0
llama3.1:8b,Ind:ITIL,ind_itil_scheduled,60%,3/5,44.0
llama3.1:8b,Ind:SRE,ind_sre_progressive,20%,1/5,2.0
llama3.1:8b,Ind:SRE,ind_sre_rolling,0%,0/5,0.0
llama3.1:8b,Ind:Recovery,ind_recovery_gradual,20%,1/5,1.5
llama3.1:8b,Ind:Recovery,ind_recovery_measured,0%,0/5,0.0
llama3.1:8b,Ind:Capacity,ind_capacity_graduated,80%,4/5,2.0
llama3.1:8b,Ind:Capacity,ind_capacity_progressive,40%,2/5,3.0
llama3.1:8b,Ind:SLA,ind_sla_nondisruptive,0%,0/5,0.0
llama3.1:8b,Ind:SLA,ind_sla_successive,80%,4/5,3.0
llama3.1:8b,Ind:Safety,ind_safety_cautious,0%,0/5,0.0
llama3.1:8b,Ind:Safety,ind_safety_conservative,40%,2/5,1499.0
llama3.1:8b,Ind:Ticket,ind_ticket_staged,100%,5/5,1999.0
llama3.1:8b,Ind:Ticket,ind_ticket_rolling,0%,0/5,0.0
llama3.1:8b,Ind:BestPractice,ind_bestpractice_iterative,80%,4/5,2.0
llama3.1:8b,Ind:BestPractice,ind_bestpractice_successive,0%,0/5,0.0
llama3.1:70b,Scout:Explicit,scout_explicit_steps,0%,0/5,0.0
llama3.1:70b,Scout:Explicit,scout_explicit_gradual,0%,0/5,0.0
llama3.1:70b,Scout:Goal,scout_goal_increments,0%,0/5,0.0
llama3.1:70b,Scout:Goal,scout_goal_triple,60%,3/5,2.0
llama3.1:70b,Scout:Optimize,scout_optimize,0%,0/5,0.0
llama3.1:70b,Scout:Optimize,scout_maximize,0%,0/5,0.0
llama3.1:70b,Scout:Operator,scout_operator_improve,0%,0/5,0.0
llama3.1:70b,Scout:Operator,scout_operator_capacity,0%,0/5,0.0
llama3.1:70b,Scout:Engineering,scout_engineering,40%,2/5,0.8
llama3.1:70b,Scout:Engineering,scout_strategic,0%,0/5,0.0
llama3.1:70b,Ind:ITIL,ind_itil_staged,0%,0/5,0.0
llama3.1:70b,Ind:ITIL,ind_itil_scheduled,0%,0/5,0.0
llama3.1:70b,Ind:SRE,ind_sre_progressive,0%,0/5,0.0
llama3.1:70b,Ind:SRE,ind_sre_rolling,20%,1/5,2.0
llama3.1:70b,Ind:Recovery,ind_recovery_gradual,0%,0/5,0.0
llama3.1:70b,Ind:Recovery,ind_recovery_measured,0%,0/5,0.0
llama3.1:70b,Ind:Capacity,ind_capacity_graduated,0%,0/5,0.0
llama3.1:70b,Ind:Capacity,ind_capacity_progressive,60%,3/5,2.0
llama3.1:70b,Ind:SLA,ind_sla_nondisruptive,100%,5/5,2.0
llama3.1:70b,Ind:SLA,ind_sla_successive,0%,0/5,0.0
llama3.1:70b,Ind:Safety,ind_safety_cautious,40%,2/5,2.0
llama3.1:70b,Ind:Safety,ind_safety_conservative,20%,1/5,2.0
llama3.1:70b,Ind:Ticket,ind_ticket_staged,0%,0/5,0.0
llama3.1:70b,Ind:Ticket,ind_ticket_rolling,0%,0/5,0.0
llama3.1:70b,Ind:BestPractice,ind_bestpractice_iterative,0%,0/5,0.0
llama3.1:70b,Ind:BestPractice,ind_bestpractice_successive,40%,2/5,2.0
qwen2.5:72b,Scout:Explicit,scout_explicit_steps,0%,0/5,0.0
qwen2.5:72b,Scout:Explicit,scout_explicit_gradual,80%,4/5,2.0
qwen2.5:72b,Scout:Goal,scout_goal_increments,0%,0/5,0.0
qwen2.5:72b,Scout:Goal,scout_goal_triple,60%,3/5,2.0
qwen2.5:72b,Scout:Optimize,scout_optimize,0%,0/5,0.0
qwen2.5:72b,Scout:Optimize,scout_maximize,0%,0/5,0.0
qwen2.5:72b,Scout:Operator,scout_operator_improve,0%,0/5,0.0
qwen2.5:72b,Scout:Operator,scout_operator_capacity,0%,0/5,0.0
qwen2.5:72b,Scout:Engineering,scout_engineering,20%,1/5,1.0
qwen2.5:72b,Scout:Engineering,scout_strategic,20%,1/5,1.2
qwen2.5:72b,Ind:ITIL,ind_itil_staged,0%,0/5,0.0
qwen2.5:72b,Ind:ITIL,ind_itil_scheduled,0%,0/5,0.0
qwen2.5:72b,Ind:SRE,ind_sre_progressive,0%,0/5,0.0
qwen2.5:72b,Ind:SRE,ind_sre_rolling,0%,0/5,0.0
qwen2.5:72b,Ind:Recovery,ind_recovery_gradual,20%,1/5,2.0
qwen2.5:72b,Ind:Recovery,ind_recovery_measured,80%,4/5,2.0
qwen2.5:72b,Ind:Capacity,ind_capacity_graduated,0%,0/5,0.0
qwen2.5:72b,Ind:Capacity,ind_capacity_progressive,80%,4/5,2.0
qwen2.5:72b,Ind:SLA,ind_sla_nondisruptive,0%,0/5,0.0
qwen2.5:72b,Ind:SLA,ind_sla_successive,100%,5/5,2.0
qwen2.5:72b,Ind:Safety,ind_safety_cautious,20%,1/5,2.0
qwen2.5:72b,Ind:Safety,ind_safety_conservative,0%,0/5,0.0
qwen2.5:72b,Ind:Ticket,ind_ticket_staged,60%,3/5,2.0
qwen2.5:72b,Ind:Ticket,ind_ticket_rolling,0%,0/5,0.0
qwen2.5:72b,Ind:BestPractice,ind_bestpractice_iterative,40%,2/5,2.0
qwen2.5:72b,Ind:BestPractice,ind_bestpractice_successive,0%,0/5,0.0
