session_id,model_family,n_steps,full_loop,def4,decomposed,contaminated,k_dagger,Q0,Q_final,Q_drop,R_Q_corr,rq_trace
Qwen~2.5:72b_001,Qwen~2.5:72b,5,1,1,1,1,2.0,0.856518,0.50375,-0.35276799999999997,-1.0,"[{""k"": 1, ""R"": 0.3333333333333333, ""Q"": 0.857959, ""Q0"": 0.856518, ""dQ"": 0.0014410000000000256}, {""k"": 2, ""R"": 2.0, ""Q"": 0.50375, ""Q0"": 0.856518, ""dQ"": -0.35276799999999997}, {""k"": 3, ""R"": 2.0, ""Q"": 0.50375, ""Q0"": 0.856518, ""dQ"": -0.35276799999999997}, {""k"": 4, ""R"": 2.0, ""Q"": 0.50375, ""Q0"": 0.856518, ""dQ"": -0.35276799999999997}, {""k"": 5, ""R"": 2.0, ""Q"": 0.50375, ""Q0"": 0.856518, ""dQ"": -0.35276799999999997}]"
Qwen~2.5:72b_002,Qwen~2.5:72b,5,1,0,1,1,,0.66125,0.674594,0.013344000000000023,0.05129891760425771,"[{""k"": 1, ""R"": 0.3333333333333333, ""Q"": 0.66125, ""Q0"": 0.66125, ""dQ"": 0.0}, {""k"": 2, ""R"": 0.5, ""Q"": 0.723829, ""Q0"": 0.66125, ""dQ"": 0.06257899999999994}, {""k"": 3, ""R"": 0.5, ""Q"": 0.80133, ""Q0"": 0.66125, ""dQ"": 0.14007999999999998}, {""k"": 4, ""R"": 0.75, ""Q"": 0.694719, ""Q0"": 0.66125, ""dQ"": 0.03346899999999997}, {""k"": 5, ""R"": 1.0, ""Q"": 0.674594, ""Q0"": 0.66125, ""dQ"": 0.013344000000000023}]"
Qwen~2.5:72b_003,Qwen~2.5:72b,4,1,1,1,1,3.0,0.760961,0.614537,-0.146424,-0.9486832980505139,"[{""k"": 1, ""R"": 0.3333333333333333, ""Q"": 0.768139, ""Q0"": 0.760961, ""dQ"": 0.007178000000000018}, {""k"": 2, ""R"": 0.6666666666666666, ""Q"": 0.763397, ""Q0"": 0.760961, ""dQ"": 0.0024359999999999937}, {""k"": 3, ""R"": 0.6666666666666666, ""Q"": 0.749121, ""Q0"": 0.760961, ""dQ"": -0.011839999999999962}, {""k"": 4, ""R"": 1.0, ""Q"": 0.614537, ""Q0"": 0.760961, ""dQ"": -0.146424}]"
Qwen~2.5:72b_004,Qwen~2.5:72b,9,1,1,1,1,1.0,0.723874,0.630045,-0.09382900000000005,-0.5477225575051661,"[{""k"": 1, ""R"": 0.3333333333333333, ""Q"": 0.713145, ""Q0"": 0.723874, ""dQ"": -0.010728999999999989}, {""k"": 2, ""R"": 0.3333333333333333, ""Q"": 0.797204, ""Q0"": 0.723874, ""dQ"": 0.07333}, {""k"": 3, ""R"": 0.3333333333333333, ""Q"": 0.816599, ""Q0"": 0.723874, ""dQ"": 0.09272499999999995}, {""k"": 4, ""R"": 0.3333333333333333, ""Q"": 0.680481, ""Q0"": 0.723874, ""dQ"": -0.043393000000000015}, {""k"": 5, ""R"": 0.3333333333333333, ""Q"": 0.86106, ""Q0"": 0.723874, ""dQ"": 0.13718600000000003}, {""k"": 6, ""R"": 0.5, ""Q"": 0.74756, ""Q0"": 0.723874, ""dQ"": 0.023685999999999985}, {""k"": 7, ""R"": 0.6666666666666666, ""Q"": 0.757807, ""Q0"": 0.723874, ""dQ"": 0.03393299999999999}, {""k"": 8, ""R"": 0.8333333333333334, ""Q"": 0.702889, ""Q0"": 0.723874, ""dQ"": -0.02098500000000003}, {""k"": 9, ""R"": 1.0, ""Q"": 0.630045, ""Q0"": 0.723874, ""dQ"": -0.09382900000000005}]"
Qwen~2.5:72b_005,Qwen~2.5:72b,7,1,1,1,1,1.0,0.786106,0.653049,-0.13305699999999998,-0.6174969805662239,"[{""k"": 1, ""R"": 0.3333333333333333, ""Q"": 0.687253, ""Q0"": 0.786106, ""dQ"": -0.09885299999999997}, {""k"": 2, ""R"": 0.3333333333333333, ""Q"": 0.829874, ""Q0"": 0.786106, ""dQ"": 0.04376800000000003}, {""k"": 3, ""R"": 0.3333333333333333, ""Q"": 0.792975, ""Q0"": 0.786106, ""dQ"": 0.006869000000000014}, {""k"": 4, ""R"": 0.5, ""Q"": 0.788359, ""Q0"": 0.786106, ""dQ"": 0.0022530000000000605}, {""k"": 5, ""R"": 0.5, ""Q"": 0.781061, ""Q0"": 0.786106, ""dQ"": -0.005044999999999966}, {""k"": 6, ""R"": 0.6666666666666666, ""Q"": 0.738935, ""Q0"": 0.786106, ""dQ"": -0.04717099999999996}, {""k"": 7, ""R"": 1.0, ""Q"": 0.653049, ""Q0"": 0.786106, ""dQ"": -0.13305699999999998}]"
Qwen~2.5:72b_006,Qwen~2.5:72b,7,1,1,1,1,7.0,0.66125,0.625195,-0.03605500000000006,-0.3929526239966879,"[{""k"": 1, ""R"": 0.3333333333333333, ""Q"": 0.71782, ""Q0"": 0.66125, ""dQ"": 0.05657000000000001}, {""k"": 2, ""R"": 0.3333333333333333, ""Q"": 0.729246, ""Q0"": 0.66125, ""dQ"": 0.06799599999999995}, {""k"": 3, ""R"": 0.3333333333333333, ""Q"": 0.723903, ""Q0"": 0.66125, ""dQ"": 0.06265299999999996}, {""k"": 4, ""R"": 0.5, ""Q"": 0.776907, ""Q0"": 0.66125, ""dQ"": 0.11565700000000001}, {""k"": 5, ""R"": 0.5, ""Q"": 0.770259, ""Q0"": 0.66125, ""dQ"": 0.10900900000000002}, {""k"": 6, ""R"": 0.75, ""Q"": 0.686299, ""Q0"": 0.66125, ""dQ"": 0.025048999999999988}, {""k"": 7, ""R"": 1.0, ""Q"": 0.625195, ""Q0"": 0.66125, ""dQ"": -0.03605500000000006}]"
Qwen~2.5:72b_007,Qwen~2.5:72b,0,0,0,0,1,,0.777256,,,,[]
Qwen~2.5:72b_008,Qwen~2.5:72b,4,1,1,1,1,1.0,0.805596,0.664335,-0.14126099999999997,0.316227766016838,"[{""k"": 1, ""R"": 0.3333333333333333, ""Q"": 0.66125, ""Q0"": 0.805596, ""dQ"": -0.14434599999999997}, {""k"": 2, ""R"": 0.6666666666666666, ""Q"": 0.733289, ""Q0"": 0.805596, ""dQ"": -0.07230700000000001}, {""k"": 3, ""R"": 0.6666666666666666, ""Q"": 0.69269, ""Q0"": 0.805596, ""dQ"": -0.11290599999999995}, {""k"": 4, ""R"": 1.0, ""Q"": 0.664335, ""Q0"": 0.805596, ""dQ"": -0.14126099999999997}]"
Qwen~2.5:72b_009,Qwen~2.5:72b,8,1,0,1,1,1.0,0.685146,0.745524,0.06037799999999993,-0.27277236279499045,"[{""k"": 1, ""R"": 0.3333333333333333, ""Q"": 0.66125, ""Q0"": 0.685146, ""dQ"": -0.02389600000000003}, {""k"": 2, ""R"": 0.3333333333333333, ""Q"": 0.763238, ""Q0"": 0.685146, ""dQ"": 0.07809199999999994}, {""k"": 3, ""R"": 0.3333333333333333, ""Q"": 0.749966, ""Q0"": 0.685146, ""dQ"": 0.06481999999999999}, {""k"": 4, ""R"": 0.3333333333333333, ""Q"": 0.854588, ""Q0"": 0.685146, ""dQ"": 0.16944199999999998}, {""k"": 5, ""R"": 0.3333333333333333, ""Q"": 0.851687, ""Q0"": 0.685146, ""dQ"": 0.16654099999999994}, {""k"": 6, ""R"": 0.43333333333333335, ""Q"": 0.82211, ""Q0"": 0.685146, ""dQ"": 0.13696399999999997}, {""k"": 7, ""R"": 0.5633333333333334, ""Q"": 0.753168, ""Q0"": 0.685146, ""dQ"": 0.06802199999999992}, {""k"": 8, ""R"": 0.7323333333333333, ""Q"": 0.745524, ""Q0"": 0.685146, ""dQ"": 0.06037799999999993}]"
Qwen~2.5:72b_010,Qwen~2.5:72b,0,0,0,0,0,,0.813667,,,,[]
Qwen~2.5:72b_011,Qwen~2.5:72b,7,0,0,0,1,1.0,0.818242,0.789355,-0.028886999999999996,-0.790569415042095,"[{""k"": 1, ""R"": 0.3333333333333333, ""Q"": 0.809976, ""Q0"": 0.818242, ""dQ"": -0.008265999999999996}, {""k"": 2, ""R"": 0.3333333333333333, ""Q"": 0.810206, ""Q0"": 0.818242, ""dQ"": -0.008036000000000043}, {""k"": 3, ""R"": 0.3333333333333333, ""Q"": 0.831398, ""Q0"": 0.818242, ""dQ"": 0.013155999999999946}, {""k"": 4, ""R"": 0.3333333333333333, ""Q"": 0.835901, ""Q0"": 0.818242, ""dQ"": 0.01765899999999998}, {""k"": 5, ""R"": 0.3333333333333333, ""Q"": 0.806976, ""Q0"": 0.818242, ""dQ"": -0.011265999999999998}, {""k"": 6, ""R"": 0.5, ""Q"": 0.794854, ""Q0"": 0.818242, ""dQ"": -0.023388000000000075}, {""k"": 7, ""R"": 0.5, ""Q"": 0.789355, ""Q0"": 0.818242, ""dQ"": -0.028886999999999996}]"
Qwen~2.5:72b_012,Qwen~2.5:72b,10,1,1,1,1,1.0,0.853317,0.673926,-0.17939099999999997,-0.8842048302391148,"[{""k"": 1, ""R"": 0.3333333333333333, ""Q"": 0.843427, ""Q0"": 0.853317, ""dQ"": -0.009889999999999954}, {""k"": 2, ""R"": 0.3333333333333333, ""Q"": 0.852127, ""Q0"": 0.853317, ""dQ"": -0.0011900000000000244}, {""k"": 3, ""R"": 0.3333333333333333, ""Q"": 0.833826, ""Q0"": 0.853317, ""dQ"": -0.019491000000000036}, {""k"": 4, ""R"": 0.3333333333333333, ""Q"": 0.825192, ""Q0"": 0.853317, ""dQ"": -0.028124999999999956}, {""k"": 5, ""R"": 0.3333333333333333, ""Q"": 0.858366, ""Q0"": 0.853317, ""dQ"": 0.00504899999999997}, {""k"": 6, ""R"": 0.3333333333333333, ""Q"": 0.861052, ""Q0"": 0.853317, ""dQ"": 0.007735000000000047}, {""k"": 7, ""R"": 0.5, ""Q"": 0.799665, ""Q0"": 0.853317, ""dQ"": -0.05365200000000003}, {""k"": 8, ""R"": 0.5, ""Q"": 0.782875, ""Q0"": 0.853317, ""dQ"": -0.070442}, {""k"": 9, ""R"": 0.75, ""Q"": 0.718169, ""Q0"": 0.853317, ""dQ"": -0.13514800000000005}, {""k"": 10, ""R"": 1.0, ""Q"": 0.673926, ""Q0"": 0.853317, ""dQ"": -0.17939099999999997}]"
Qwen~2.5:72b_013,Qwen~2.5:72b,7,1,1,1,1,1.0,0.830101,0.738333,-0.09176799999999996,0.3555285645684319,"[{""k"": 1, ""R"": 0.3333333333333333, ""Q"": 0.684546, ""Q0"": 0.830101, ""dQ"": -0.145555}, {""k"": 2, ""R"": 0.3333333333333333, ""Q"": 0.693688, ""Q0"": 0.830101, ""dQ"": -0.136413}, {""k"": 3, ""R"": 0.3333333333333333, ""Q"": 0.735938, ""Q0"": 0.830101, ""dQ"": -0.094163}, {""k"": 4, ""R"": 0.5, ""Q"": 0.760819, ""Q0"": 0.830101, ""dQ"": -0.06928199999999995}, {""k"": 5, ""R"": 0.5, ""Q"": 0.774807, ""Q0"": 0.830101, ""dQ"": -0.055293999999999954}, {""k"": 6, ""R"": 0.6666666666666666, ""Q"": 0.691661, ""Q0"": 0.830101, ""dQ"": -0.13844}, {""k"": 7, ""R"": 0.8333333333333334, ""Q"": 0.738333, ""Q0"": 0.830101, ""dQ"": -0.09176799999999996}]"
Qwen~2.5:72b_014,Qwen~2.5:72b,9,1,1,1,1,2.0,0.793048,0.52625,-0.266798,-0.9534073144497984,"[{""k"": 1, ""R"": 0.3333333333333333, ""Q"": 0.820224, ""Q0"": 0.793048, ""dQ"": 0.027175999999999978}, {""k"": 2, ""R"": 0.3333333333333333, ""Q"": 0.784876, ""Q0"": 0.793048, ""dQ"": -0.008171999999999957}, {""k"": 3, ""R"": 0.3333333333333333, ""Q"": 0.82834, ""Q0"": 0.793048, ""dQ"": 0.03529199999999999}, {""k"": 4, ""R"": 1.0, ""Q"": 0.570257, ""Q0"": 0.793048, ""dQ"": -0.22279099999999996}, {""k"": 5, ""R"": 1.0, ""Q"": 0.54875, ""Q0"": 0.793048, ""dQ"": -0.24429800000000002}, {""k"": 6, ""R"": 1.1666666666666667, ""Q"": 0.548842, ""Q0"": 0.793048, ""dQ"": -0.24420599999999992}, {""k"": 7, ""R"": 1.3333333333333333, ""Q"": 0.544731, ""Q0"": 0.793048, ""dQ"": -0.248317}, {""k"": 8, ""R"": 1.5, ""Q"": 0.53, ""Q0"": 0.793048, ""dQ"": -0.26304799999999995}, {""k"": 9, ""R"": 1.6666666666666667, ""Q"": 0.52625, ""Q0"": 0.793048, ""dQ"": -0.266798}]"
Qwen~2.5:72b_015,Qwen~2.5:72b,3,0,0,0,0,,0.66125,0.66125,0.0,,"[{""k"": 1, ""R"": 0.3333333333333333, ""Q"": 0.66125, ""Q0"": 0.66125, ""dQ"": 0.0}, {""k"": 2, ""R"": 0.3333333333333333, ""Q"": 0.66125, ""Q0"": 0.66125, ""dQ"": 0.0}, {""k"": 3, ""R"": 0.3333333333333333, ""Q"": 0.66125, ""Q0"": 0.66125, ""dQ"": 0.0}]"
Qwen~2.5:72b_016,Qwen~2.5:72b,7,1,1,1,1,6.0,0.66125,0.52625,-0.135,-0.40778620962482415,"[{""k"": 1, ""R"": 0.3333333333333333, ""Q"": 0.66125, ""Q0"": 0.66125, ""dQ"": 0.0}, {""k"": 2, ""R"": 0.3333333333333333, ""Q"": 0.66125, ""Q0"": 0.66125, ""dQ"": 0.0}, {""k"": 3, ""R"": 0.3333333333333333, ""Q"": 0.66125, ""Q0"": 0.66125, ""dQ"": 0.0}, {""k"": 4, ""R"": 0.8333333333333334, ""Q"": 0.710999, ""Q0"": 0.66125, ""dQ"": 0.04974900000000004}, {""k"": 5, ""R"": 0.8333333333333334, ""Q"": 0.713998, ""Q0"": 0.66125, ""dQ"": 0.05274800000000002}, {""k"": 6, ""R"": 1.1666666666666667, ""Q"": 0.630848, ""Q0"": 0.66125, ""dQ"": -0.03040200000000004}, {""k"": 7, ""R"": 1.6666666666666667, ""Q"": 0.52625, ""Q0"": 0.66125, ""dQ"": -0.135}]"
Qwen~2.5:72b_017,Qwen~2.5:72b,8,0,0,0,1,6.0,0.66125,0.566148,-0.09510200000000002,-0.9682458365518541,"[{""k"": 1, ""R"": 0.3333333333333333, ""Q"": 0.66125, ""Q0"": 0.66125, ""dQ"": 0.0}, {""k"": 2, ""R"": 0.3333333333333333, ""Q"": 0.66125, ""Q0"": 0.66125, ""dQ"": 0.0}, {""k"": 3, ""R"": 0.3333333333333333, ""Q"": 0.66125, ""Q0"": 0.66125, ""dQ"": 0.0}, {""k"": 4, ""R"": 0.3333333333333333, ""Q"": 0.66125, ""Q0"": 0.66125, ""dQ"": 0.0}, {""k"": 5, ""R"": 0.3333333333333333, ""Q"": 0.66125, ""Q0"": 0.66125, ""dQ"": 0.0}, {""k"": 6, ""R"": 1.4721666666666666, ""Q"": 0.530709, ""Q0"": 0.66125, ""dQ"": -0.13054100000000002}, {""k"": 7, ""R"": 1.4721666666666666, ""Q"": 0.535786, ""Q0"": 0.66125, ""dQ"": -0.12546400000000002}, {""k"": 8, ""R"": 1.4721666666666666, ""Q"": 0.566148, ""Q0"": 0.66125, ""dQ"": -0.09510200000000002}]"
Qwen~2.5:72b_018,Qwen~2.5:72b,11,0,0,0,1,,0.66125,0.71832,0.057069999999999954,0.9444002816030351,"[{""k"": 1, ""R"": 0.3333333333333333, ""Q"": 0.66125, ""Q0"": 0.66125, ""dQ"": 0.0}, {""k"": 2, ""R"": 0.3333333333333333, ""Q"": 0.66125, ""Q0"": 0.66125, ""dQ"": 0.0}, {""k"": 3, ""R"": 0.3333333333333333, ""Q"": 0.66125, ""Q0"": 0.66125, ""dQ"": 0.0}, {""k"": 4, ""R"": 0.3333333333333333, ""Q"": 0.66125, ""Q0"": 0.66125, ""dQ"": 0.0}, {""k"": 5, ""R"": 0.3333333333333333, ""Q"": 0.66125, ""Q0"": 0.66125, ""dQ"": 0.0}, {""k"": 6, ""R"": 0.3333333333333333, ""Q"": 0.66125, ""Q0"": 0.66125, ""dQ"": 0.0}, {""k"": 7, ""R"": 0.8333333333333334, ""Q"": 0.71542, ""Q0"": 0.66125, ""dQ"": 0.05416999999999994}, {""k"": 8, ""R"": 0.8333333333333334, ""Q"": 0.721874, ""Q0"": 0.66125, ""dQ"": 0.06062400000000001}, {""k"": 9, ""R"": 0.8333333333333334, ""Q"": 0.671184, ""Q0"": 0.66125, ""dQ"": 0.009933999999999998}, {""k"": 10, ""R"": 0.8333333333333334, ""Q"": 0.718762, ""Q0"": 0.66125, ""dQ"": 0.05751200000000001}, {""k"": 11, ""R"": 0.8333333333333334, ""Q"": 0.71832, ""Q0"": 0.66125, ""dQ"": 0.057069999999999954}]"
Qwen~2.5:72b_019,Qwen~2.5:72b,6,1,1,1,1,4.0,0.796861,0.673126,-0.12373500000000004,-0.9258200997725515,"[{""k"": 1, ""R"": 0.3333333333333333, ""Q"": 0.802904, ""Q0"": 0.796861, ""dQ"": 0.0060429999999999096}, {""k"": 2, ""R"": 0.3333333333333333, ""Q"": 0.812135, ""Q0"": 0.796861, ""dQ"": 0.01527400000000001}, {""k"": 3, ""R"": 0.3333333333333333, ""Q"": 0.841606, ""Q0"": 0.796861, ""dQ"": 0.044744999999999924}, {""k"": 4, ""R"": 0.6666666666666666, ""Q"": 0.708004, ""Q0"": 0.796861, ""dQ"": -0.08885700000000007}, {""k"": 5, ""R"": 0.6666666666666666, ""Q"": 0.735308, ""Q0"": 0.796861, ""dQ"": -0.06155300000000008}, {""k"": 6, ""R"": 1.0, ""Q"": 0.673126, ""Q0"": 0.796861, ""dQ"": -0.12373500000000004}]"
Qwen~2.5:72b_020,Qwen~2.5:72b,8,0,1,1,1,1.0,0.787874,0.50375,-0.28412399999999993,-0.8660254037844386,"[{""k"": 1, ""R"": 0.3333333333333333, ""Q"": 0.696951, ""Q0"": 0.787874, ""dQ"": -0.09092299999999998}, {""k"": 2, ""R"": 0.3333333333333333, ""Q"": 0.712152, ""Q0"": 0.787874, ""dQ"": -0.07572199999999996}, {""k"": 3, ""R"": 0.3333333333333333, ""Q"": 0.699915, ""Q0"": 0.787874, ""dQ"": -0.08795900000000001}, {""k"": 4, ""R"": 0.3333333333333333, ""Q"": 0.823252, ""Q0"": 0.787874, ""dQ"": 0.03537800000000002}, {""k"": 5, ""R"": 0.3333333333333333, ""Q"": 0.835043, ""Q0"": 0.787874, ""dQ"": 0.047169000000000016}, {""k"": 6, ""R"": 2.0, ""Q"": 0.50375, ""Q0"": 0.787874, ""dQ"": -0.28412399999999993}, {""k"": 7, ""R"": 2.0, ""Q"": 0.50375, ""Q0"": 0.787874, ""dQ"": -0.28412399999999993}, {""k"": 8, ""R"": 2.0, ""Q"": 0.50375, ""Q0"": 0.787874, ""dQ"": -0.28412399999999993}]"
Qwen~2.5:72b_021,Qwen~2.5:72b,7,1,1,1,1,4.0,0.66125,0.50375,-0.15749999999999997,-1.0,"[{""k"": 1, ""R"": 0.3333333333333333, ""Q"": 0.66125, ""Q0"": 0.66125, ""dQ"": 0.0}, {""k"": 2, ""R"": 0.3333333333333333, ""Q"": 0.66125, ""Q0"": 0.66125, ""dQ"": 0.0}, {""k"": 3, ""R"": 0.3333333333333333, ""Q"": 0.66125, ""Q0"": 0.66125, ""dQ"": 0.0}, {""k"": 4, ""R"": 2.0, ""Q"": 0.50375, ""Q0"": 0.66125, ""dQ"": -0.15749999999999997}, {""k"": 5, ""R"": 2.0, ""Q"": 0.50375, ""Q0"": 0.66125, ""dQ"": -0.15749999999999997}, {""k"": 6, ""R"": 2.0, ""Q"": 0.50375, ""Q0"": 0.66125, ""dQ"": -0.15749999999999997}, {""k"": 7, ""R"": 2.0, ""Q"": 0.50375, ""Q0"": 0.66125, ""dQ"": -0.15749999999999997}]"
Qwen~2.5:72b_022,Qwen~2.5:72b,12,0,0,0,1,11.0,0.66125,0.50375,-0.15749999999999997,-1.0,"[{""k"": 1, ""R"": 0.3333333333333333, ""Q"": 0.66125, ""Q0"": 0.66125, ""dQ"": 0.0}, {""k"": 2, ""R"": 0.3333333333333333, ""Q"": 0.66125, ""Q0"": 0.66125, ""dQ"": 0.0}, {""k"": 3, ""R"": 0.3333333333333333, ""Q"": 0.66125, ""Q0"": 0.66125, ""dQ"": 0.0}, {""k"": 4, ""R"": 0.3333333333333333, ""Q"": 0.66125, ""Q0"": 0.66125, ""dQ"": 0.0}, {""k"": 5, ""R"": 0.3333333333333333, ""Q"": 0.66125, ""Q0"": 0.66125, ""dQ"": 0.0}, {""k"": 6, ""R"": 0.3333333333333333, ""Q"": 0.66125, ""Q0"": 0.66125, ""dQ"": 0.0}, {""k"": 7, ""R"": 0.3333333333333333, ""Q"": 0.66125, ""Q0"": 0.66125, ""dQ"": 0.0}, {""k"": 8, ""R"": 0.3333333333333333, ""Q"": 0.66125, ""Q0"": 0.66125, ""dQ"": 0.0}, {""k"": 9, ""R"": 0.3333333333333333, ""Q"": 0.66125, ""Q0"": 0.66125, ""dQ"": 0.0}, {""k"": 10, ""R"": 0.3333333333333333, ""Q"": 0.66125, ""Q0"": 0.66125, ""dQ"": 0.0}, {""k"": 11, ""R"": 2.0, ""Q"": 0.50375, ""Q0"": 0.66125, ""dQ"": -0.15749999999999997}, {""k"": 12, ""R"": 2.0, ""Q"": 0.50375, ""Q0"": 0.66125, ""dQ"": -0.15749999999999997}]"
Qwen~2.5:72b_023,Qwen~2.5:72b,9,1,1,1,1,5.0,0.66125,0.50375,-0.15749999999999997,-1.0,"[{""k"": 1, ""R"": 0.3333333333333333, ""Q"": 0.66125, ""Q0"": 0.66125, ""dQ"": 0.0}, {""k"": 2, ""R"": 0.3333333333333333, ""Q"": 0.66125, ""Q0"": 0.66125, ""dQ"": 0.0}, {""k"": 3, ""R"": 0.3333333333333333, ""Q"": 0.66125, ""Q0"": 0.66125, ""dQ"": 0.0}, {""k"": 4, ""R"": 0.3333333333333333, ""Q"": 0.66125, ""Q0"": 0.66125, ""dQ"": 0.0}, {""k"": 5, ""R"": 2.0, ""Q"": 0.50375, ""Q0"": 0.66125, ""dQ"": -0.15749999999999997}, {""k"": 6, ""R"": 2.0, ""Q"": 0.50375, ""Q0"": 0.66125, ""dQ"": -0.15749999999999997}, {""k"": 7, ""R"": 2.0, ""Q"": 0.50375, ""Q0"": 0.66125, ""dQ"": -0.15749999999999997}, {""k"": 8, ""R"": 2.0, ""Q"": 0.50375, ""Q0"": 0.66125, ""dQ"": -0.15749999999999997}, {""k"": 9, ""R"": 2.0, ""Q"": 0.50375, ""Q0"": 0.66125, ""dQ"": -0.15749999999999997}]"
Qwen~2.5:72b_024,Qwen~2.5:72b,10,0,0,0,1,4.0,0.66125,0.509375,-0.15187499999999998,-0.9999999999999998,"[{""k"": 1, ""R"": 0.3333333333333333, ""Q"": 0.66125, ""Q0"": 0.66125, ""dQ"": 0.0}, {""k"": 2, ""R"": 0.3333333333333333, ""Q"": 0.66125, ""Q0"": 0.66125, ""dQ"": 0.0}, {""k"": 3, ""R"": 0.3333333333333333, ""Q"": 0.66125, ""Q0"": 0.66125, ""dQ"": 0.0}, {""k"": 4, ""R"": 2.0, ""Q"": 0.509375, ""Q0"": 0.66125, ""dQ"": -0.15187499999999998}, {""k"": 5, ""R"": 2.0, ""Q"": 0.509375, ""Q0"": 0.66125, ""dQ"": -0.15187499999999998}, {""k"": 6, ""R"": 2.0, ""Q"": 0.509375, ""Q0"": 0.66125, ""dQ"": -0.15187499999999998}, {""k"": 7, ""R"": 2.0, ""Q"": 0.509375, ""Q0"": 0.66125, ""dQ"": -0.15187499999999998}, {""k"": 8, ""R"": 2.0, ""Q"": 0.509375, ""Q0"": 0.66125, ""dQ"": -0.15187499999999998}, {""k"": 9, ""R"": 2.0, ""Q"": 0.509375, ""Q0"": 0.66125, ""dQ"": -0.15187499999999998}, {""k"": 10, ""R"": 2.0, ""Q"": 0.509375, ""Q0"": 0.66125, ""dQ"": -0.15187499999999998}]"
Qwen~2.5:72b_025,Qwen~2.5:72b,11,0,0,0,1,,0.66125,0.66125,0.0,,"[{""k"": 1, ""R"": 0.3333333333333333, ""Q"": 0.66125, ""Q0"": 0.66125, ""dQ"": 0.0}, {""k"": 2, ""R"": 0.3333333333333333, ""Q"": 0.66125, ""Q0"": 0.66125, ""dQ"": 0.0}, {""k"": 3, ""R"": 0.3333333333333333, ""Q"": 0.66125, ""Q0"": 0.66125, ""dQ"": 0.0}, {""k"": 4, ""R"": 0.3333333333333333, ""Q"": 0.66125, ""Q0"": 0.66125, ""dQ"": 0.0}, {""k"": 5, ""R"": 0.3333333333333333, ""Q"": 0.66125, ""Q0"": 0.66125, ""dQ"": 0.0}, {""k"": 6, ""R"": 0.3333333333333333, ""Q"": 0.66125, ""Q0"": 0.66125, ""dQ"": 0.0}, {""k"": 7, ""R"": 0.3333333333333333, ""Q"": 0.66125, ""Q0"": 0.66125, ""dQ"": 0.0}, {""k"": 8, ""R"": 0.3333333333333333, ""Q"": 0.66125, ""Q0"": 0.66125, ""dQ"": 0.0}, {""k"": 9, ""R"": 0.3333333333333333, ""Q"": 0.66125, ""Q0"": 0.66125, ""dQ"": 0.0}, {""k"": 10, ""R"": 0.3333333333333333, ""Q"": 0.66125, ""Q0"": 0.66125, ""dQ"": 0.0}, {""k"": 11, ""R"": 0.3333333333333333, ""Q"": 0.66125, ""Q0"": 0.66125, ""dQ"": 0.0}]"
Qwen~2.5:72b_026,Qwen~2.5:72b,4,1,0,1,1,,0.66125,0.677545,0.01629499999999995,0.316227766016838,"[{""k"": 1, ""R"": 0.3333333333333333, ""Q"": 0.66125, ""Q0"": 0.66125, ""dQ"": 0.0}, {""k"": 2, ""R"": 0.6666666666666666, ""Q"": 0.687833, ""Q0"": 0.66125, ""dQ"": 0.026583000000000023}, {""k"": 3, ""R"": 0.6666666666666666, ""Q"": 0.693809, ""Q0"": 0.66125, ""dQ"": 0.032559000000000005}, {""k"": 4, ""R"": 1.0, ""Q"": 0.677545, ""Q0"": 0.66125, ""dQ"": 0.01629499999999995}]"
Qwen~2.5:72b_027,Qwen~2.5:72b,5,1,1,1,1,1.0,0.774903,0.643236,-0.13166699999999998,-0.6668859288553503,"[{""k"": 1, ""R"": 0.3333333333333333, ""Q"": 0.749381, ""Q0"": 0.774903, ""dQ"": -0.025522000000000045}, {""k"": 2, ""R"": 0.5, ""Q"": 0.789386, ""Q0"": 0.774903, ""dQ"": 0.014483000000000024}, {""k"": 3, ""R"": 0.5, ""Q"": 0.791941, ""Q0"": 0.774903, ""dQ"": 0.017037999999999998}, {""k"": 4, ""R"": 0.75, ""Q"": 0.702587, ""Q0"": 0.774903, ""dQ"": -0.07231600000000005}, {""k"": 5, ""R"": 1.0, ""Q"": 0.643236, ""Q0"": 0.774903, ""dQ"": -0.13166699999999998}]"
Qwen~2.5:72b_028,Qwen~2.5:72b,4,1,1,1,1,2.0,0.761429,0.558426,-0.20300300000000004,-0.9486832980505139,"[{""k"": 1, ""R"": 0.3333333333333333, ""Q"": 0.766281, ""Q0"": 0.761429, ""dQ"": 0.0048519999999999675}, {""k"": 2, ""R"": 0.6666666666666666, ""Q"": 0.749313, ""Q0"": 0.761429, ""dQ"": -0.012116000000000016}, {""k"": 3, ""R"": 0.6666666666666666, ""Q"": 0.73757, ""Q0"": 0.761429, ""dQ"": -0.023859000000000075}, {""k"": 4, ""R"": 1.0, ""Q"": 0.558426, ""Q0"": 0.761429, ""dQ"": -0.20300300000000004}]"
Qwen~2.5:72b_029,Qwen~2.5:72b,7,1,1,1,1,1.0,0.821781,0.571855,-0.24992599999999998,-0.5637295497763137,"[{""k"": 1, ""R"": 0.3333333333333333, ""Q"": 0.754522, ""Q0"": 0.821781, ""dQ"": -0.06725899999999996}, {""k"": 2, ""R"": 0.3333333333333333, ""Q"": 0.698094, ""Q0"": 0.821781, ""dQ"": -0.12368699999999999}, {""k"": 3, ""R"": 0.5, ""Q"": 0.767545, ""Q0"": 0.821781, ""dQ"": -0.05423599999999995}, {""k"": 4, ""R"": 0.5, ""Q"": 0.795736, ""Q0"": 0.821781, ""dQ"": -0.026044999999999985}, {""k"": 5, ""R"": 0.6666666666666666, ""Q"": 0.735827, ""Q0"": 0.821781, ""dQ"": -0.08595399999999997}, {""k"": 6, ""R"": 0.8333333333333334, ""Q"": 0.625947, ""Q0"": 0.821781, ""dQ"": -0.19583399999999995}, {""k"": 7, ""R"": 1.0, ""Q"": 0.571855, ""Q0"": 0.821781, ""dQ"": -0.24992599999999998}]"
Qwen~2.5:72b_030,Qwen~2.5:72b,6,1,1,1,1,2.0,0.76365,0.620036,-0.14361400000000002,-0.5296408977028497,"[{""k"": 1, ""R"": 0.3333333333333333, ""Q"": 0.80167, ""Q0"": 0.76365, ""dQ"": 0.03801999999999994}, {""k"": 2, ""R"": 0.3333333333333333, ""Q"": 0.670087, ""Q0"": 0.76365, ""dQ"": -0.09356300000000006}, {""k"": 3, ""R"": 0.5, ""Q"": 0.75952, ""Q0"": 0.76365, ""dQ"": -0.004130000000000078}, {""k"": 4, ""R"": 0.5, ""Q"": 0.752374, ""Q0"": 0.76365, ""dQ"": -0.011276000000000064}, {""k"": 5, ""R"": 0.6666666666666666, ""Q"": 0.74664, ""Q0"": 0.76365, ""dQ"": -0.01701000000000008}, {""k"": 6, ""R"": 1.0, ""Q"": 0.620036, ""Q0"": 0.76365, ""dQ"": -0.14361400000000002}]"
Mistral-large_001,Mistral-large,5,1,1,1,1,1.0,0.85839,0.717109,-0.141281,-0.8944271909999159,"[{""k"": 1, ""R"": 0.3333333333333333, ""Q"": 0.851573, ""Q0"": 0.85839, ""dQ"": -0.006816999999999962}, {""k"": 2, ""R"": 0.5, ""Q"": 0.77816, ""Q0"": 0.85839, ""dQ"": -0.08023000000000002}, {""k"": 3, ""R"": 0.5, ""Q"": 0.794891, ""Q0"": 0.85839, ""dQ"": -0.06349899999999997}, {""k"": 4, ""R"": 0.5, ""Q"": 0.785282, ""Q0"": 0.85839, ""dQ"": -0.07310799999999995}, {""k"": 5, ""R"": 1.0, ""Q"": 0.717109, ""Q0"": 0.85839, ""dQ"": -0.141281}]"
Mistral-large_002,Mistral-large,7,1,1,1,1,1.0,0.785234,0.698071,-0.08716299999999999,-0.07881104062391006,"[{""k"": 1, ""R"": 0.3333333333333333, ""Q"": 0.697414, ""Q0"": 0.785234, ""dQ"": -0.08782000000000001}, {""k"": 2, ""R"": 0.5, ""Q"": 0.792002, ""Q0"": 0.785234, ""dQ"": 0.006767999999999996}, {""k"": 3, ""R"": 0.5, ""Q"": 0.796318, ""Q0"": 0.785234, ""dQ"": 0.011083999999999983}, {""k"": 4, ""R"": 0.5, ""Q"": 0.775516, ""Q0"": 0.785234, ""dQ"": -0.009718000000000004}, {""k"": 5, ""R"": 0.5, ""Q"": 0.77937, ""Q0"": 0.785234, ""dQ"": -0.00586399999999998}, {""k"": 6, ""R"": 0.75, ""Q"": 0.737432, ""Q0"": 0.785234, ""dQ"": -0.04780200000000001}, {""k"": 7, ""R"": 1.0, ""Q"": 0.698071, ""Q0"": 0.785234, ""dQ"": -0.08716299999999999}]"
Mistral-large_003,Mistral-large,4,0,0,0,0,,0.66125,0.860407,0.19915700000000003,,"[{""k"": 1, ""R"": 0.3333333333333333, ""Q"": 0.724233, ""Q0"": 0.66125, ""dQ"": 0.06298300000000001}, {""k"": 2, ""R"": 0.3333333333333333, ""Q"": 0.84333, ""Q0"": 0.66125, ""dQ"": 0.18208000000000002}, {""k"": 3, ""R"": 0.3333333333333333, ""Q"": 0.851464, ""Q0"": 0.66125, ""dQ"": 0.190214}, {""k"": 4, ""R"": 0.3333333333333333, ""Q"": 0.860407, ""Q0"": 0.66125, ""dQ"": 0.19915700000000003}]"
Mistral-large_004,Mistral-large,6,0,0,0,1,1.0,0.861044,0.804831,-0.05621300000000007,-0.8783100656536799,"[{""k"": 1, ""R"": 0.3333333333333333, ""Q"": 0.856942, ""Q0"": 0.861044, ""dQ"": -0.00410200000000005}, {""k"": 2, ""R"": 0.3333333333333333, ""Q"": 0.857934, ""Q0"": 0.861044, ""dQ"": -0.003110000000000057}, {""k"": 3, ""R"": 0.3333333333333333, ""Q"": 0.856532, ""Q0"": 0.861044, ""dQ"": -0.0045120000000000715}, {""k"": 4, ""R"": 0.5, ""Q"": 0.790277, ""Q0"": 0.861044, ""dQ"": -0.07076700000000002}, {""k"": 5, ""R"": 0.5, ""Q"": 0.786582, ""Q0"": 0.861044, ""dQ"": -0.07446200000000003}, {""k"": 6, ""R"": 0.5, ""Q"": 0.804831, ""Q0"": 0.861044, ""dQ"": -0.05621300000000007}]"
Mistral-large_005,Mistral-large,8,0,0,0,1,6.0,0.815864,0.795529,-0.020334999999999992,-0.8451542547285167,"[{""k"": 1, ""R"": 0.3333333333333333, ""Q"": 0.839198, ""Q0"": 0.815864, ""dQ"": 0.023333999999999966}, {""k"": 2, ""R"": 0.3333333333333333, ""Q"": 0.853752, ""Q0"": 0.815864, ""dQ"": 0.03788799999999992}, {""k"": 3, ""R"": 0.3333333333333333, ""Q"": 0.851156, ""Q0"": 0.815864, ""dQ"": 0.03529199999999999}, {""k"": 4, ""R"": 0.3333333333333333, ""Q"": 0.861068, ""Q0"": 0.815864, ""dQ"": 0.04520399999999991}, {""k"": 5, ""R"": 0.3333333333333333, ""Q"": 0.83459, ""Q0"": 0.815864, ""dQ"": 0.01872600000000002}, {""k"": 6, ""R"": 0.5, ""Q"": 0.774477, ""Q0"": 0.815864, ""dQ"": -0.04138700000000006}, {""k"": 7, ""R"": 0.5, ""Q"": 0.789226, ""Q0"": 0.815864, ""dQ"": -0.02663800000000005}, {""k"": 8, ""R"": 0.5, ""Q"": 0.795529, ""Q0"": 0.815864, ""dQ"": -0.020334999999999992}]"
Mistral-large_006,Mistral-large,8,1,1,1,1,1.0,0.855019,0.711367,-0.143652,-0.926158422495254,"[{""k"": 1, ""R"": 0.3333333333333333, ""Q"": 0.849784, ""Q0"": 0.855019, ""dQ"": -0.00523499999999999}, {""k"": 2, ""R"": 0.3333333333333333, ""Q"": 0.842501, ""Q0"": 0.855019, ""dQ"": -0.012517999999999918}, {""k"": 3, ""R"": 0.3333333333333333, ""Q"": 0.844027, ""Q0"": 0.855019, ""dQ"": -0.010992000000000002}, {""k"": 4, ""R"": 0.5666666666666667, ""Q"": 0.735525, ""Q0"": 0.855019, ""dQ"": -0.11949399999999999}, {""k"": 5, ""R"": 0.5666666666666667, ""Q"": 0.766256, ""Q0"": 0.855019, ""dQ"": -0.08876299999999993}, {""k"": 6, ""R"": 0.5666666666666667, ""Q"": 0.791566, ""Q0"": 0.855019, ""dQ"": -0.06345299999999998}, {""k"": 7, ""R"": 0.8, ""Q"": 0.700525, ""Q0"": 0.855019, ""dQ"": -0.15449400000000002}, {""k"": 8, ""R"": 1.0, ""Q"": 0.711367, ""Q0"": 0.855019, ""dQ"": -0.143652}]"
Mistral-large_007,Mistral-large,4,1,1,1,1,4.0,0.711495,0.651671,-0.05982399999999999,-0.7745966692414834,"[{""k"": 1, ""R"": 0.3333333333333333, ""Q"": 0.83379, ""Q0"": 0.711495, ""dQ"": 0.12229500000000004}, {""k"": 2, ""R"": 0.3333333333333333, ""Q"": 0.848591, ""Q0"": 0.711495, ""dQ"": 0.137096}, {""k"": 3, ""R"": 0.3333333333333333, ""Q"": 0.857792, ""Q0"": 0.711495, ""dQ"": 0.146297}, {""k"": 4, ""R"": 1.0, ""Q"": 0.651671, ""Q0"": 0.711495, ""dQ"": -0.05982399999999999}]"
Mistral-large_008,Mistral-large,4,0,0,0,1,,0.74097,0.792015,0.05104500000000001,-0.7745966692414834,"[{""k"": 1, ""R"": 0.3333333333333333, ""Q"": 0.805435, ""Q0"": 0.74097, ""dQ"": 0.064465}, {""k"": 2, ""R"": 0.5, ""Q"": 0.785709, ""Q0"": 0.74097, ""dQ"": 0.04473899999999997}, {""k"": 3, ""R"": 0.5, ""Q"": 0.770534, ""Q0"": 0.74097, ""dQ"": 0.029564000000000035}, {""k"": 4, ""R"": 0.5, ""Q"": 0.792015, ""Q0"": 0.74097, ""dQ"": 0.05104500000000001}]"
Mistral-large_009,Mistral-large,6,0,0,0,1,4.0,0.831476,0.793306,-0.03817000000000004,-0.8783100656536799,"[{""k"": 1, ""R"": 0.3333333333333333, ""Q"": 0.84354, ""Q0"": 0.831476, ""dQ"": 0.012063999999999964}, {""k"": 2, ""R"": 0.3333333333333333, ""Q"": 0.843257, ""Q0"": 0.831476, ""dQ"": 0.011781000000000041}, {""k"": 3, ""R"": 0.3333333333333333, ""Q"": 0.854599, ""Q0"": 0.831476, ""dQ"": 0.023123000000000005}, {""k"": 4, ""R"": 0.43333333333333335, ""Q"": 0.819624, ""Q0"": 0.831476, ""dQ"": -0.011851999999999974}, {""k"": 5, ""R"": 0.43333333333333335, ""Q"": 0.812636, ""Q0"": 0.831476, ""dQ"": -0.018839999999999968}, {""k"": 6, ""R"": 0.43333333333333335, ""Q"": 0.793306, ""Q0"": 0.831476, ""dQ"": -0.03817000000000004}]"
Mistral-large_010,Mistral-large,1,0,0,0,1,1.0,0.841604,0.835021,-0.0065830000000000055,,"[{""k"": 1, ""R"": 0.3333333333333333, ""Q"": 0.835021, ""Q0"": 0.841604, ""dQ"": -0.0065830000000000055}]"
Mistral-large_011,Mistral-large,6,0,1,1,1,1.0,0.855042,0.760412,-0.09462999999999999,-0.9258200997725515,"[{""k"": 1, ""R"": 0.3333333333333333, ""Q"": 0.836129, ""Q0"": 0.855042, ""dQ"": -0.018912999999999958}, {""k"": 2, ""R"": 0.3333333333333333, ""Q"": 0.852946, ""Q0"": 0.855042, ""dQ"": -0.0020959999999999868}, {""k"": 3, ""R"": 0.3333333333333333, ""Q"": 0.853164, ""Q0"": 0.855042, ""dQ"": -0.0018779999999999353}, {""k"": 4, ""R"": 0.5, ""Q"": 0.789268, ""Q0"": 0.855042, ""dQ"": -0.065774}, {""k"": 5, ""R"": 0.5, ""Q"": 0.768839, ""Q0"": 0.855042, ""dQ"": -0.08620299999999992}, {""k"": 6, ""R"": 0.6666666666666666, ""Q"": 0.760412, ""Q0"": 0.855042, ""dQ"": -0.09462999999999999}]"
Mistral-large_012,Mistral-large,6,0,1,1,1,1.0,0.820439,0.723332,-0.09710700000000005,-0.46291004988627577,"[{""k"": 1, ""R"": 0.3333333333333333, ""Q"": 0.772506, ""Q0"": 0.820439, ""dQ"": -0.047933}, {""k"": 2, ""R"": 0.3333333333333333, ""Q"": 0.860829, ""Q0"": 0.820439, ""dQ"": 0.040389999999999926}, {""k"": 3, ""R"": 0.5, ""Q"": 0.797513, ""Q0"": 0.820439, ""dQ"": -0.022926000000000002}, {""k"": 4, ""R"": 0.5, ""Q"": 0.780215, ""Q0"": 0.820439, ""dQ"": -0.04022400000000004}, {""k"": 5, ""R"": 0.5, ""Q"": 0.800786, ""Q0"": 0.820439, ""dQ"": -0.01965300000000003}, {""k"": 6, ""R"": 0.75, ""Q"": 0.723332, ""Q0"": 0.820439, ""dQ"": -0.09710700000000005}]"
Mistral-large_013,Mistral-large,6,0,0,0,1,,0.725332,0.793974,0.06864199999999998,-0.8783100656536799,"[{""k"": 1, ""R"": 0.3333333333333333, ""Q"": 0.830993, ""Q0"": 0.725332, ""dQ"": 0.105661}, {""k"": 2, ""R"": 0.3333333333333333, ""Q"": 0.812227, ""Q0"": 0.725332, ""dQ"": 0.08689500000000006}, {""k"": 3, ""R"": 0.3333333333333333, ""Q"": 0.825972, ""Q0"": 0.725332, ""dQ"": 0.10064000000000006}, {""k"": 4, ""R"": 0.5, ""Q"": 0.792077, ""Q0"": 0.725332, ""dQ"": 0.06674500000000005}, {""k"": 5, ""R"": 0.5, ""Q"": 0.793529, ""Q0"": 0.725332, ""dQ"": 0.06819700000000006}, {""k"": 6, ""R"": 0.5, ""Q"": 0.793974, ""Q0"": 0.725332, ""dQ"": 0.06864199999999998}]"
Mistral-large_014,Mistral-large,6,0,1,1,1,4.0,0.817741,0.744455,-0.07328600000000007,-0.9258200997725515,"[{""k"": 1, ""R"": 0.3333333333333333, ""Q"": 0.861081, ""Q0"": 0.817741, ""dQ"": 0.043339999999999934}, {""k"": 2, ""R"": 0.3333333333333333, ""Q"": 0.848041, ""Q0"": 0.817741, ""dQ"": 0.030299999999999994}, {""k"": 3, ""R"": 0.3333333333333333, ""Q"": 0.841954, ""Q0"": 0.817741, ""dQ"": 0.02421299999999993}, {""k"": 4, ""R"": 0.5, ""Q"": 0.784785, ""Q0"": 0.817741, ""dQ"": -0.032956000000000096}, {""k"": 5, ""R"": 0.5, ""Q"": 0.796389, ""Q0"": 0.817741, ""dQ"": -0.021352000000000038}, {""k"": 6, ""R"": 0.6666666666666666, ""Q"": 0.744455, ""Q0"": 0.817741, ""dQ"": -0.07328600000000007}]"
Mistral-large_015,Mistral-large,12,1,1,1,1,6.0,0.809954,0.717006,-0.09294799999999992,-0.8889374501109683,"[{""k"": 1, ""R"": 0.3333333333333333, ""Q"": 0.841595, ""Q0"": 0.809954, ""dQ"": 0.03164100000000003}, {""k"": 2, ""R"": 0.3333333333333333, ""Q"": 0.861064, ""Q0"": 0.809954, ""dQ"": 0.0511100000000001}, {""k"": 3, ""R"": 0.3333333333333333, ""Q"": 0.832501, ""Q0"": 0.809954, ""dQ"": 0.022547000000000095}, {""k"": 4, ""R"": 0.3333333333333333, ""Q"": 0.834821, ""Q0"": 0.809954, ""dQ"": 0.024867000000000083}, {""k"": 5, ""R"": 0.3333333333333333, ""Q"": 0.838595, ""Q0"": 0.809954, ""dQ"": 0.028641000000000028}, {""k"": 6, ""R"": 0.3333333333333333, ""Q"": 0.805543, ""Q0"": 0.809954, ""dQ"": -0.004410999999999943}, {""k"": 7, ""R"": 0.3333333333333333, ""Q"": 0.848087, ""Q0"": 0.809954, ""dQ"": 0.038133000000000083}, {""k"": 8, ""R"": 0.5, ""Q"": 0.776324, ""Q0"": 0.809954, ""dQ"": -0.03362999999999994}, {""k"": 9, ""R"": 0.5, ""Q"": 0.796545, ""Q0"": 0.809954, ""dQ"": -0.013409000000000004}, {""k"": 10, ""R"": 0.5, ""Q"": 0.780162, ""Q0"": 0.809954, ""dQ"": -0.02979199999999993}, {""k"": 11, ""R"": 0.6666666666666666, ""Q"": 0.735451, ""Q0"": 0.809954, ""dQ"": -0.07450299999999999}, {""k"": 12, ""R"": 1.0, ""Q"": 0.717006, ""Q0"": 0.809954, ""dQ"": -0.09294799999999992}]"
Mistral-large_016,Mistral-large,6,0,0,0,1,2.0,0.767898,0.509375,-0.25852299999999995,-0.840168050416806,"[{""k"": 1, ""R"": 0.3333333333333333, ""Q"": 0.787879, ""Q0"": 0.767898, ""dQ"": 0.019981000000000027}, {""k"": 2, ""R"": 0.3333333333333333, ""Q"": 0.739634, ""Q0"": 0.767898, ""dQ"": -0.028263999999999956}, {""k"": 3, ""R"": 0.3333333333333333, ""Q"": 0.684373, ""Q0"": 0.767898, ""dQ"": -0.08352499999999996}, {""k"": 4, ""R"": 0.3333333333333333, ""Q"": 0.70006, ""Q0"": 0.767898, ""dQ"": -0.06783799999999995}, {""k"": 5, ""R"": 2.0, ""Q"": 0.509375, ""Q0"": 0.767898, ""dQ"": -0.25852299999999995}, {""k"": 6, ""R"": 2.0, ""Q"": 0.509375, ""Q0"": 0.767898, ""dQ"": -0.25852299999999995}]"
Mistral-large_017,Mistral-large,6,0,0,0,1,5.0,0.66125,0.50708,-0.15417000000000003,-1.0,"[{""k"": 1, ""R"": 0.3333333333333333, ""Q"": 0.66125, ""Q0"": 0.66125, ""dQ"": 0.0}, {""k"": 2, ""R"": 0.3333333333333333, ""Q"": 0.66125, ""Q0"": 0.66125, ""dQ"": 0.0}, {""k"": 3, ""R"": 0.3333333333333333, ""Q"": 0.66125, ""Q0"": 0.66125, ""dQ"": 0.0}, {""k"": 4, ""R"": 0.3333333333333333, ""Q"": 0.66125, ""Q0"": 0.66125, ""dQ"": 0.0}, {""k"": 5, ""R"": 2.0, ""Q"": 0.50708, ""Q0"": 0.66125, ""dQ"": -0.15417000000000003}, {""k"": 6, ""R"": 2.0, ""Q"": 0.50708, ""Q0"": 0.66125, ""dQ"": -0.15417000000000003}]"
Mistral-large_018,Mistral-large,7,1,1,1,1,5.0,0.66125,0.50375,-0.15749999999999997,-0.9660917830792959,"[{""k"": 1, ""R"": 0.3333333333333333, ""Q"": 0.66125, ""Q0"": 0.66125, ""dQ"": 0.0}, {""k"": 2, ""R"": 0.3333333333333333, ""Q"": 0.66125, ""Q0"": 0.66125, ""dQ"": 0.0}, {""k"": 3, ""R"": 0.3333333333333333, ""Q"": 0.66125, ""Q0"": 0.66125, ""dQ"": 0.0}, {""k"": 4, ""R"": 0.3333333333333333, ""Q"": 0.66125, ""Q0"": 0.66125, ""dQ"": 0.0}, {""k"": 5, ""R"": 2.0, ""Q"": 0.509375, ""Q0"": 0.66125, ""dQ"": -0.15187499999999998}, {""k"": 6, ""R"": 2.0, ""Q"": 0.509375, ""Q0"": 0.66125, ""dQ"": -0.15187499999999998}, {""k"": 7, ""R"": 2.0, ""Q"": 0.50375, ""Q0"": 0.66125, ""dQ"": -0.15749999999999997}]"
Mistral-large_019,Mistral-large,5,0,0,0,1,4.0,0.66125,0.52625,-0.135,-1.0,"[{""k"": 1, ""R"": 0.3333333333333333, ""Q"": 0.66125, ""Q0"": 0.66125, ""dQ"": 0.0}, {""k"": 2, ""R"": 0.3333333333333333, ""Q"": 0.66125, ""Q0"": 0.66125, ""dQ"": 0.0}, {""k"": 3, ""R"": 0.3333333333333333, ""Q"": 0.66125, ""Q0"": 0.66125, ""dQ"": 0.0}, {""k"": 4, ""R"": 1.6666666666666667, ""Q"": 0.52625, ""Q0"": 0.66125, ""dQ"": -0.135}, {""k"": 5, ""R"": 1.6666666666666667, ""Q"": 0.52625, ""Q0"": 0.66125, ""dQ"": -0.135}]"
Mistral-large_020,Mistral-large,0,0,0,0,0,,0.66125,,,,[]
Mistral-large_021,Mistral-large,6,0,0,0,1,5.0,0.66125,0.509375,-0.15187499999999998,-1.0,"[{""k"": 1, ""R"": 0.3333333333333333, ""Q"": 0.66125, ""Q0"": 0.66125, ""dQ"": 0.0}, {""k"": 2, ""R"": 0.3333333333333333, ""Q"": 0.66125, ""Q0"": 0.66125, ""dQ"": 0.0}, {""k"": 3, ""R"": 0.3333333333333333, ""Q"": 0.66125, ""Q0"": 0.66125, ""dQ"": 0.0}, {""k"": 4, ""R"": 0.3333333333333333, ""Q"": 0.66125, ""Q0"": 0.66125, ""dQ"": 0.0}, {""k"": 5, ""R"": 2.0, ""Q"": 0.509375, ""Q0"": 0.66125, ""dQ"": -0.15187499999999998}, {""k"": 6, ""R"": 2.0, ""Q"": 0.509375, ""Q0"": 0.66125, ""dQ"": -0.15187499999999998}]"
Mistral-large_022,Mistral-large,6,1,1,1,1,5.0,0.66125,0.509375,-0.15187499999999998,-0.9999999999999999,"[{""k"": 1, ""R"": 0.3333333333333333, ""Q"": 0.66125, ""Q0"": 0.66125, ""dQ"": 0.0}, {""k"": 2, ""R"": 0.3333333333333333, ""Q"": 0.66125, ""Q0"": 0.66125, ""dQ"": 0.0}, {""k"": 3, ""R"": 0.3333333333333333, ""Q"": 0.66125, ""Q0"": 0.66125, ""dQ"": 0.0}, {""k"": 4, ""R"": 0.3333333333333333, ""Q"": 0.66125, ""Q0"": 0.66125, ""dQ"": 0.0}, {""k"": 5, ""R"": 1.6666666666666667, ""Q"": 0.52625, ""Q0"": 0.66125, ""dQ"": -0.135}, {""k"": 6, ""R"": 2.0, ""Q"": 0.509375, ""Q0"": 0.66125, ""dQ"": -0.15187499999999998}]"
Mistral-large_023,Mistral-large,6,0,0,0,1,5.0,0.66125,0.509375,-0.15187499999999998,-1.0,"[{""k"": 1, ""R"": 0.3333333333333333, ""Q"": 0.66125, ""Q0"": 0.66125, ""dQ"": 0.0}, {""k"": 2, ""R"": 0.3333333333333333, ""Q"": 0.66125, ""Q0"": 0.66125, ""dQ"": 0.0}, {""k"": 3, ""R"": 0.3333333333333333, ""Q"": 0.66125, ""Q0"": 0.66125, ""dQ"": 0.0}, {""k"": 4, ""R"": 0.3333333333333333, ""Q"": 0.66125, ""Q0"": 0.66125, ""dQ"": 0.0}, {""k"": 5, ""R"": 2.0, ""Q"": 0.509375, ""Q0"": 0.66125, ""dQ"": -0.15187499999999998}, {""k"": 6, ""R"": 2.0, ""Q"": 0.509375, ""Q0"": 0.66125, ""dQ"": -0.15187499999999998}]"
Mistral-large_024,Mistral-large,6,0,0,0,1,5.0,0.66125,0.509375,-0.15187499999999998,-1.0,"[{""k"": 1, ""R"": 0.3333333333333333, ""Q"": 0.66125, ""Q0"": 0.66125, ""dQ"": 0.0}, {""k"": 2, ""R"": 0.3333333333333333, ""Q"": 0.66125, ""Q0"": 0.66125, ""dQ"": 0.0}, {""k"": 3, ""R"": 0.3333333333333333, ""Q"": 0.66125, ""Q0"": 0.66125, ""dQ"": 0.0}, {""k"": 4, ""R"": 0.3333333333333333, ""Q"": 0.66125, ""Q0"": 0.66125, ""dQ"": 0.0}, {""k"": 5, ""R"": 2.0, ""Q"": 0.509375, ""Q0"": 0.66125, ""dQ"": -0.15187499999999998}, {""k"": 6, ""R"": 2.0, ""Q"": 0.509375, ""Q0"": 0.66125, ""dQ"": -0.15187499999999998}]"
Mistral-large_025,Mistral-large,6,0,0,0,1,5.0,0.66125,0.506,-0.15525,-1.0,"[{""k"": 1, ""R"": 0.3333333333333333, ""Q"": 0.66125, ""Q0"": 0.66125, ""dQ"": 0.0}, {""k"": 2, ""R"": 0.3333333333333333, ""Q"": 0.66125, ""Q0"": 0.66125, ""dQ"": 0.0}, {""k"": 3, ""R"": 0.3333333333333333, ""Q"": 0.66125, ""Q0"": 0.66125, ""dQ"": 0.0}, {""k"": 4, ""R"": 0.3333333333333333, ""Q"": 0.66125, ""Q0"": 0.66125, ""dQ"": 0.0}, {""k"": 5, ""R"": 2.0, ""Q"": 0.506, ""Q0"": 0.66125, ""dQ"": -0.15525}, {""k"": 6, ""R"": 2.0, ""Q"": 0.506, ""Q0"": 0.66125, ""dQ"": -0.15525}]"
Mistral-large_026,Mistral-large,3,0,0,0,1,,0.66125,0.775962,0.11471200000000004,0.8660254037844387,"[{""k"": 1, ""R"": 0.3333333333333333, ""Q"": 0.66125, ""Q0"": 0.66125, ""dQ"": 0.0}, {""k"": 2, ""R"": 0.5, ""Q"": 0.787897, ""Q0"": 0.66125, ""dQ"": 0.12664699999999995}, {""k"": 3, ""R"": 0.5, ""Q"": 0.775962, ""Q0"": 0.66125, ""dQ"": 0.11471200000000004}]"
Mistral-large_027,Mistral-large,8,1,1,1,1,1.0,0.840558,0.671704,-0.16885400000000006,-0.9511897312113419,"[{""k"": 1, ""R"": 0.3333333333333333, ""Q"": 0.815669, ""Q0"": 0.840558, ""dQ"": -0.02488900000000005}, {""k"": 2, ""R"": 0.3333333333333333, ""Q"": 0.812701, ""Q0"": 0.840558, ""dQ"": -0.02785700000000002}, {""k"": 3, ""R"": 0.3333333333333333, ""Q"": 0.858296, ""Q0"": 0.840558, ""dQ"": 0.01773799999999992}, {""k"": 4, ""R"": 0.5, ""Q"": 0.794277, ""Q0"": 0.840558, ""dQ"": -0.04628100000000002}, {""k"": 5, ""R"": 0.5, ""Q"": 0.773338, ""Q0"": 0.840558, ""dQ"": -0.06722000000000006}, {""k"": 6, ""R"": 0.5, ""Q"": 0.784323, ""Q0"": 0.840558, ""dQ"": -0.056235000000000035}, {""k"": 7, ""R"": 0.75, ""Q"": 0.710817, ""Q0"": 0.840558, ""dQ"": -0.129741}, {""k"": 8, ""R"": 1.0, ""Q"": 0.671704, ""Q0"": 0.840558, ""dQ"": -0.16885400000000006}]"
Mistral-large_028,Mistral-large,0,0,0,0,0,,0.69223,,,,[]
Mistral-large_029,Mistral-large,6,0,0,0,1,,0.66125,0.778536,0.117286,0.8783100656536799,"[{""k"": 1, ""R"": 0.3333333333333333, ""Q"": 0.717809, ""Q0"": 0.66125, ""dQ"": 0.056559000000000026}, {""k"": 2, ""R"": 0.3333333333333333, ""Q"": 0.70861, ""Q0"": 0.66125, ""dQ"": 0.04735999999999996}, {""k"": 3, ""R"": 0.3333333333333333, ""Q"": 0.763496, ""Q0"": 0.66125, ""dQ"": 0.10224599999999995}, {""k"": 4, ""R"": 0.5, ""Q"": 0.778554, ""Q0"": 0.66125, ""dQ"": 0.11730399999999996}, {""k"": 5, ""R"": 0.5, ""Q"": 0.784654, ""Q0"": 0.66125, ""dQ"": 0.12340399999999996}, {""k"": 6, ""R"": 0.5, ""Q"": 0.778536, ""Q0"": 0.66125, ""dQ"": 0.117286}]"
Mistral-large_030,Mistral-large,2,0,0,0,0,,0.836734,0.849111,0.012376999999999971,,"[{""k"": 1, ""R"": 0.3333333333333333, ""Q"": 0.848794, ""Q0"": 0.836734, ""dQ"": 0.01206000000000007}, {""k"": 2, ""R"": 0.3333333333333333, ""Q"": 0.849111, ""Q0"": 0.836734, ""dQ"": 0.012376999999999971}]"
Llama~3.1:70b_001,Llama~3.1:70b,8,1,1,1,1,2.0,0.857503,0.618019,-0.23948400000000003,-0.9322272357358045,"[{""k"": 1, ""R"": 0.3333333333333333, ""Q"": 0.861068, ""Q0"": 0.857503, ""dQ"": 0.0035649999999999293}, {""k"": 2, ""R"": 0.3333333333333333, ""Q"": 0.850286, ""Q0"": 0.857503, ""dQ"": -0.007217000000000029}, {""k"": 3, ""R"": 0.3333333333333333, ""Q"": 0.853608, ""Q0"": 0.857503, ""dQ"": -0.003894999999999982}, {""k"": 4, ""R"": 0.3333333333333333, ""Q"": 0.858036, ""Q0"": 0.857503, ""dQ"": 0.0005330000000000057}, {""k"": 5, ""R"": 0.5, ""Q"": 0.771381, ""Q0"": 0.857503, ""dQ"": -0.08612200000000003}, {""k"": 6, ""R"": 0.5, ""Q"": 0.788955, ""Q0"": 0.857503, ""dQ"": -0.06854800000000005}, {""k"": 7, ""R"": 0.75, ""Q"": 0.680566, ""Q0"": 0.857503, ""dQ"": -0.176937}, {""k"": 8, ""R"": 1.0, ""Q"": 0.618019, ""Q0"": 0.857503, ""dQ"": -0.23948400000000003}]"
Llama~3.1:70b_002,Llama~3.1:70b,5,0,0,1,1,1.0,0.767156,0.756785,-0.010370999999999908,0.22360679774997896,"[{""k"": 1, ""R"": 0.3333333333333333, ""Q"": 0.75593, ""Q0"": 0.767156, ""dQ"": -0.011225999999999958}, {""k"": 2, ""R"": 0.5, ""Q"": 0.779101, ""Q0"": 0.767156, ""dQ"": 0.011945000000000094}, {""k"": 3, ""R"": 0.5, ""Q"": 0.782921, ""Q0"": 0.767156, ""dQ"": 0.01576500000000003}, {""k"": 4, ""R"": 0.5, ""Q"": 0.772747, ""Q0"": 0.767156, ""dQ"": 0.005591000000000013}, {""k"": 5, ""R"": 0.75, ""Q"": 0.756785, ""Q0"": 0.767156, ""dQ"": -0.010370999999999908}]"
Llama~3.1:70b_003,Llama~3.1:70b,3,0,0,0,0,,0.81156,0.852409,0.040849000000000024,,"[{""k"": 1, ""R"": 0.3333333333333333, ""Q"": 0.835762, ""Q0"": 0.81156, ""dQ"": 0.024202000000000057}, {""k"": 2, ""R"": 0.3333333333333333, ""Q"": 0.850741, ""Q0"": 0.81156, ""dQ"": 0.03918100000000002}, {""k"": 3, ""R"": 0.3333333333333333, ""Q"": 0.852409, ""Q0"": 0.81156, ""dQ"": 0.040849000000000024}]"
Llama~3.1:70b_004,Llama~3.1:70b,8,1,1,1,1,1.0,0.856664,0.663944,-0.19272,-0.9511897312113419,"[{""k"": 1, ""R"": 0.3333333333333333, ""Q"": 0.856191, ""Q0"": 0.856664, ""dQ"": -0.0004729999999999457}, {""k"": 2, ""R"": 0.3333333333333333, ""Q"": 0.835546, ""Q0"": 0.856664, ""dQ"": -0.02111799999999997}, {""k"": 3, ""R"": 0.3333333333333333, ""Q"": 0.859242, ""Q0"": 0.856664, ""dQ"": 0.002577999999999969}, {""k"": 4, ""R"": 0.5, ""Q"": 0.782234, ""Q0"": 0.856664, ""dQ"": -0.07443}, {""k"": 5, ""R"": 0.5, ""Q"": 0.793481, ""Q0"": 0.856664, ""dQ"": -0.06318299999999999}, {""k"": 6, ""R"": 0.5, ""Q"": 0.792989, ""Q0"": 0.856664, ""dQ"": -0.06367499999999993}, {""k"": 7, ""R"": 0.6666666666666666, ""Q"": 0.758644, ""Q0"": 0.856664, ""dQ"": -0.09802}, {""k"": 8, ""R"": 0.8333333333333334, ""Q"": 0.663944, ""Q0"": 0.856664, ""dQ"": -0.19272}]"
Llama~3.1:70b_005,Llama~3.1:70b,8,1,1,1,1,1.0,0.833788,0.688518,-0.14527,-0.48526897202685704,"[{""k"": 1, ""R"": 0.3333333333333333, ""Q"": 0.757066, ""Q0"": 0.833788, ""dQ"": -0.07672199999999996}, {""k"": 2, ""R"": 0.3333333333333333, ""Q"": 0.829771, ""Q0"": 0.833788, ""dQ"": -0.004016999999999937}, {""k"": 3, ""R"": 0.5, ""Q"": 0.791515, ""Q0"": 0.833788, ""dQ"": -0.042273000000000005}, {""k"": 4, ""R"": 0.5, ""Q"": 0.786401, ""Q0"": 0.833788, ""dQ"": -0.04738699999999996}, {""k"": 5, ""R"": 0.5, ""Q"": 0.79343, ""Q0"": 0.833788, ""dQ"": -0.040358000000000005}, {""k"": 6, ""R"": 0.5, ""Q"": 0.79687, ""Q0"": 0.833788, ""dQ"": -0.036918000000000006}, {""k"": 7, ""R"": 0.6666666666666666, ""Q"": 0.764441, ""Q0"": 0.833788, ""dQ"": -0.06934699999999994}, {""k"": 8, ""R"": 0.8333333333333334, ""Q"": 0.688518, ""Q0"": 0.833788, ""dQ"": -0.14527}]"
Llama~3.1:70b_006,Llama~3.1:70b,6,0,0,0,1,1.0,0.798509,0.790968,-0.00754100000000002,-0.29277002188455997,"[{""k"": 1, ""R"": 0.3333333333333333, ""Q"": 0.794288, ""Q0"": 0.798509, ""dQ"": -0.00422100000000003}, {""k"": 2, ""R"": 0.3333333333333333, ""Q"": 0.794293, ""Q0"": 0.798509, ""dQ"": -0.0042159999999999975}, {""k"": 3, ""R"": 0.3333333333333333, ""Q"": 0.736506, ""Q0"": 0.798509, ""dQ"": -0.06200300000000003}, {""k"": 4, ""R"": 0.5, ""Q"": 0.787246, ""Q0"": 0.798509, ""dQ"": -0.011263000000000023}, {""k"": 5, ""R"": 0.5, ""Q"": 0.78369, ""Q0"": 0.798509, ""dQ"": -0.014819000000000027}, {""k"": 6, ""R"": 0.5, ""Q"": 0.790968, ""Q0"": 0.798509, ""dQ"": -0.00754100000000002}]"
Llama~3.1:70b_007,Llama~3.1:70b,5,1,1,1,1,2.0,0.84175,0.668662,-0.17308800000000002,-0.9746794344808963,"[{""k"": 1, ""R"": 0.3333333333333333, ""Q"": 0.842189, ""Q0"": 0.84175, ""dQ"": 0.0004389999999999672}, {""k"": 2, ""R"": 0.5, ""Q"": 0.796455, ""Q0"": 0.84175, ""dQ"": -0.045294999999999974}, {""k"": 3, ""R"": 0.5, ""Q"": 0.778552, ""Q0"": 0.84175, ""dQ"": -0.06319799999999998}, {""k"": 4, ""R"": 0.6666666666666666, ""Q"": 0.763475, ""Q0"": 0.84175, ""dQ"": -0.07827499999999998}, {""k"": 5, ""R"": 1.0, ""Q"": 0.668662, ""Q0"": 0.84175, ""dQ"": -0.17308800000000002}]"
Llama~3.1:70b_008,Llama~3.1:70b,5,0,1,1,1,5.0,0.750925,0.694016,-0.05690899999999999,-0.8944271909999159,"[{""k"": 1, ""R"": 0.3333333333333333, ""Q"": 0.826802, ""Q0"": 0.750925, ""dQ"": 0.07587700000000008}, {""k"": 2, ""R"": 0.5, ""Q"": 0.767919, ""Q0"": 0.750925, ""dQ"": 0.016994000000000065}, {""k"": 3, ""R"": 0.5, ""Q"": 0.784241, ""Q0"": 0.750925, ""dQ"": 0.03331600000000001}, {""k"": 4, ""R"": 0.5, ""Q"": 0.792546, ""Q0"": 0.750925, ""dQ"": 0.04162100000000002}, {""k"": 5, ""R"": 0.6666666666666666, ""Q"": 0.694016, ""Q0"": 0.750925, ""dQ"": -0.05690899999999999}]"
Llama~3.1:70b_009,Llama~3.1:70b,0,0,0,0,0,,0.829189,,,,[]
Llama~3.1:70b_010,Llama~3.1:70b,8,0,0,0,1,1.0,0.83758,0.796849,-0.04073099999999996,-0.6197797868009122,"[{""k"": 1, ""R"": 0.3333333333333333, ""Q"": 0.826421, ""Q0"": 0.83758, ""dQ"": -0.01115900000000003}, {""k"": 2, ""R"": 0.3333333333333333, ""Q"": 0.835117, ""Q0"": 0.83758, ""dQ"": -0.002462999999999993}, {""k"": 3, ""R"": 0.3333333333333333, ""Q"": 0.838512, ""Q0"": 0.83758, ""dQ"": 0.0009320000000000439}, {""k"": 4, ""R"": 0.3333333333333333, ""Q"": 0.802982, ""Q0"": 0.83758, ""dQ"": -0.03459800000000002}, {""k"": 5, ""R"": 0.3333333333333333, ""Q"": 0.795914, ""Q0"": 0.83758, ""dQ"": -0.04166599999999998}, {""k"": 6, ""R"": 0.5, ""Q"": 0.799404, ""Q0"": 0.83758, ""dQ"": -0.03817599999999999}, {""k"": 7, ""R"": 0.5, ""Q"": 0.788477, ""Q0"": 0.83758, ""dQ"": -0.04910300000000001}, {""k"": 8, ""R"": 0.5, ""Q"": 0.796849, ""Q0"": 0.83758, ""dQ"": -0.04073099999999996}]"
Llama~3.1:70b_011,Llama~3.1:70b,9,0,0,0,1,1.0,0.849161,0.783778,-0.06538300000000008,-0.7245688373094719,"[{""k"": 1, ""R"": 0.3333333333333333, ""Q"": 0.82593, ""Q0"": 0.849161, ""dQ"": -0.023231}, {""k"": 2, ""R"": 0.3333333333333333, ""Q"": 0.838409, ""Q0"": 0.849161, ""dQ"": -0.010752000000000095}, {""k"": 3, ""R"": 0.3333333333333333, ""Q"": 0.855689, ""Q0"": 0.849161, ""dQ"": 0.006527999999999978}, {""k"": 4, ""R"": 0.3333333333333333, ""Q"": 0.839909, ""Q0"": 0.849161, ""dQ"": -0.009252000000000038}, {""k"": 5, ""R"": 0.3333333333333333, ""Q"": 0.853009, ""Q0"": 0.849161, ""dQ"": 0.0038479999999999626}, {""k"": 6, ""R"": 0.3333333333333333, ""Q"": 0.851786, ""Q0"": 0.849161, ""dQ"": 0.0026249999999999885}, {""k"": 7, ""R"": 0.3333333333333333, ""Q"": 0.834895, ""Q0"": 0.849161, ""dQ"": -0.014266000000000001}, {""k"": 8, ""R"": 0.5, ""Q"": 0.795173, ""Q0"": 0.849161, ""dQ"": -0.053988000000000036}, {""k"": 9, ""R"": 0.5, ""Q"": 0.783778, ""Q0"": 0.849161, ""dQ"": -0.06538300000000008}]"
Llama~3.1:70b_012,Llama~3.1:70b,4,0,0,0,1,1.0,0.832574,0.786989,-0.04558499999999999,-0.8944271909999159,"[{""k"": 1, ""R"": 0.3333333333333333, ""Q"": 0.829708, ""Q0"": 0.832574, ""dQ"": -0.002866000000000035}, {""k"": 2, ""R"": 0.3333333333333333, ""Q"": 0.845005, ""Q0"": 0.832574, ""dQ"": 0.01243099999999997}, {""k"": 3, ""R"": 0.5, ""Q"": 0.800593, ""Q0"": 0.832574, ""dQ"": -0.03198100000000004}, {""k"": 4, ""R"": 0.5, ""Q"": 0.786989, ""Q0"": 0.832574, ""dQ"": -0.04558499999999999}]"
Llama~3.1:70b_013,Llama~3.1:70b,4,0,0,0,1,2.0,0.842988,0.741006,-0.1019819999999999,-0.7745966692414834,"[{""k"": 1, ""R"": 0.3333333333333333, ""Q"": 0.843583, ""Q0"": 0.842988, ""dQ"": 0.0005950000000000122}, {""k"": 2, ""R"": 0.3333333333333333, ""Q"": 0.836143, ""Q0"": 0.842988, ""dQ"": -0.00684499999999999}, {""k"": 3, ""R"": 0.3333333333333333, ""Q"": 0.834875, ""Q0"": 0.842988, ""dQ"": -0.008112999999999926}, {""k"": 4, ""R"": 0.6666666666666666, ""Q"": 0.741006, ""Q0"": 0.842988, ""dQ"": -0.1019819999999999}]"
Llama~3.1:70b_014,Llama~3.1:70b,8,1,1,1,1,1.0,0.840218,0.72886,-0.11135800000000007,-0.9128709291752769,"[{""k"": 1, ""R"": 0.3333333333333333, ""Q"": 0.832154, ""Q0"": 0.840218, ""dQ"": -0.008064000000000071}, {""k"": 2, ""R"": 0.3333333333333333, ""Q"": 0.812007, ""Q0"": 0.840218, ""dQ"": -0.028210999999999986}, {""k"": 3, ""R"": 0.3333333333333333, ""Q"": 0.81263, ""Q0"": 0.840218, ""dQ"": -0.027588000000000057}, {""k"": 4, ""R"": 0.3333333333333333, ""Q"": 0.827887, ""Q0"": 0.840218, ""dQ"": -0.01233099999999998}, {""k"": 5, ""R"": 0.5, ""Q"": 0.776845, ""Q0"": 0.840218, ""dQ"": -0.06337300000000001}, {""k"": 6, ""R"": 0.5, ""Q"": 0.798554, ""Q0"": 0.840218, ""dQ"": -0.041664000000000034}, {""k"": 7, ""R"": 0.5, ""Q"": 0.789636, ""Q0"": 0.840218, ""dQ"": -0.050582000000000016}, {""k"": 8, ""R"": 0.6666666666666666, ""Q"": 0.72886, ""Q0"": 0.840218, ""dQ"": -0.11135800000000007}]"
Llama~3.1:70b_015,Llama~3.1:70b,10,1,1,1,1,1.0,0.8458,0.649528,-0.196272,-0.819517976717354,"[{""k"": 1, ""R"": 0.3333333333333333, ""Q"": 0.826336, ""Q0"": 0.8458, ""dQ"": -0.019464000000000037}, {""k"": 2, ""R"": 0.3333333333333333, ""Q"": 0.774189, ""Q0"": 0.8458, ""dQ"": -0.07161099999999998}, {""k"": 3, ""R"": 0.3333333333333333, ""Q"": 0.805345, ""Q0"": 0.8458, ""dQ"": -0.04045500000000002}, {""k"": 4, ""R"": 0.3333333333333333, ""Q"": 0.841886, ""Q0"": 0.8458, ""dQ"": -0.003913999999999973}, {""k"": 5, ""R"": 0.3333333333333333, ""Q"": 0.834016, ""Q0"": 0.8458, ""dQ"": -0.011784000000000017}, {""k"": 6, ""R"": 0.5, ""Q"": 0.786581, ""Q0"": 0.8458, ""dQ"": -0.05921900000000002}, {""k"": 7, ""R"": 0.5, ""Q"": 0.773196, ""Q0"": 0.8458, ""dQ"": -0.072604}, {""k"": 8, ""R"": 0.5, ""Q"": 0.792607, ""Q0"": 0.8458, ""dQ"": -0.053193000000000046}, {""k"": 9, ""R"": 0.75, ""Q"": 0.743341, ""Q0"": 0.8458, ""dQ"": -0.10245899999999997}, {""k"": 10, ""R"": 1.0, ""Q"": 0.649528, ""Q0"": 0.8458, ""dQ"": -0.196272}]"
Llama~3.1:70b_016,Llama~3.1:70b,6,0,0,0,1,5.0,0.66125,0.509375,-0.15187499999999998,-0.840168050416806,"[{""k"": 1, ""R"": 0.3333333333333333, ""Q"": 0.812329, ""Q0"": 0.66125, ""dQ"": 0.15107899999999996}, {""k"": 2, ""R"": 0.3333333333333333, ""Q"": 0.745361, ""Q0"": 0.66125, ""dQ"": 0.08411100000000005}, {""k"": 3, ""R"": 0.3333333333333333, ""Q"": 0.809244, ""Q0"": 0.66125, ""dQ"": 0.14799399999999996}, {""k"": 4, ""R"": 0.3333333333333333, ""Q"": 0.693749, ""Q0"": 0.66125, ""dQ"": 0.032498999999999945}, {""k"": 5, ""R"": 2.0, ""Q"": 0.509375, ""Q0"": 0.66125, ""dQ"": -0.15187499999999998}, {""k"": 6, ""R"": 2.0, ""Q"": 0.509375, ""Q0"": 0.66125, ""dQ"": -0.15187499999999998}]"
Llama~3.1:70b_017,Llama~3.1:70b,0,0,0,0,1,,0.66125,,,,[]
Llama~3.1:70b_018,Llama~3.1:70b,6,0,0,0,1,5.0,0.66125,0.509375,-0.15187499999999998,-1.0,"[{""k"": 1, ""R"": 0.3333333333333333, ""Q"": 0.66125, ""Q0"": 0.66125, ""dQ"": 0.0}, {""k"": 2, ""R"": 0.3333333333333333, ""Q"": 0.66125, ""Q0"": 0.66125, ""dQ"": 0.0}, {""k"": 3, ""R"": 0.3333333333333333, ""Q"": 0.66125, ""Q0"": 0.66125, ""dQ"": 0.0}, {""k"": 4, ""R"": 0.3333333333333333, ""Q"": 0.66125, ""Q0"": 0.66125, ""dQ"": 0.0}, {""k"": 5, ""R"": 2.0, ""Q"": 0.509375, ""Q0"": 0.66125, ""dQ"": -0.15187499999999998}, {""k"": 6, ""R"": 2.0, ""Q"": 0.509375, ""Q0"": 0.66125, ""dQ"": -0.15187499999999998}]"
Llama~3.1:70b_019,Llama~3.1:70b,5,0,0,0,1,4.0,0.66125,0.509375,-0.15187499999999998,-1.0,"[{""k"": 1, ""R"": 0.3333333333333333, ""Q"": 0.66125, ""Q0"": 0.66125, ""dQ"": 0.0}, {""k"": 2, ""R"": 0.3333333333333333, ""Q"": 0.66125, ""Q0"": 0.66125, ""dQ"": 0.0}, {""k"": 3, ""R"": 0.3333333333333333, ""Q"": 0.66125, ""Q0"": 0.66125, ""dQ"": 0.0}, {""k"": 4, ""R"": 2.0, ""Q"": 0.509375, ""Q0"": 0.66125, ""dQ"": -0.15187499999999998}, {""k"": 5, ""R"": 2.0, ""Q"": 0.509375, ""Q0"": 0.66125, ""dQ"": -0.15187499999999998}]"
Llama~3.1:70b_020,Llama~3.1:70b,0,0,0,0,0,,0.66125,,,,[]
Llama~3.1:70b_021,Llama~3.1:70b,7,0,0,0,1,5.0,0.66125,0.506457,-0.15479299999999996,-1.0,"[{""k"": 1, ""R"": 0.3333333333333333, ""Q"": 0.66125, ""Q0"": 0.66125, ""dQ"": 0.0}, {""k"": 2, ""R"": 0.3333333333333333, ""Q"": 0.66125, ""Q0"": 0.66125, ""dQ"": 0.0}, {""k"": 3, ""R"": 0.3333333333333333, ""Q"": 0.66125, ""Q0"": 0.66125, ""dQ"": 0.0}, {""k"": 4, ""R"": 0.3333333333333333, ""Q"": 0.66125, ""Q0"": 0.66125, ""dQ"": 0.0}, {""k"": 5, ""R"": 2.0, ""Q"": 0.506457, ""Q0"": 0.66125, ""dQ"": -0.15479299999999996}, {""k"": 6, ""R"": 2.0, ""Q"": 0.506457, ""Q0"": 0.66125, ""dQ"": -0.15479299999999996}, {""k"": 7, ""R"": 2.0, ""Q"": 0.506457, ""Q0"": 0.66125, ""dQ"": -0.15479299999999996}]"
Llama~3.1:70b_022,Llama~3.1:70b,7,1,1,1,1,5.0,0.66125,0.515,-0.14625,-0.9890707100936805,"[{""k"": 1, ""R"": 0.3333333333333333, ""Q"": 0.66125, ""Q0"": 0.66125, ""dQ"": 0.0}, {""k"": 2, ""R"": 0.3333333333333333, ""Q"": 0.66125, ""Q0"": 0.66125, ""dQ"": 0.0}, {""k"": 3, ""R"": 0.3333333333333333, ""Q"": 0.66125, ""Q0"": 0.66125, ""dQ"": 0.0}, {""k"": 4, ""R"": 0.3333333333333333, ""Q"": 0.66125, ""Q0"": 0.66125, ""dQ"": 0.0}, {""k"": 5, ""R"": 1.6666666666666667, ""Q"": 0.52625, ""Q0"": 0.66125, ""dQ"": -0.135}, {""k"": 6, ""R"": 1.6666666666666667, ""Q"": 0.529426, ""Q0"": 0.66125, ""dQ"": -0.13182400000000005}, {""k"": 7, ""R"": 2.0, ""Q"": 0.515, ""Q0"": 0.66125, ""dQ"": -0.14625}]"
Llama~3.1:70b_023,Llama~3.1:70b,7,1,1,1,1,5.0,0.66125,0.509375,-0.15187499999999998,-0.9999999999999999,"[{""k"": 1, ""R"": 0.3333333333333333, ""Q"": 0.66125, ""Q0"": 0.66125, ""dQ"": 0.0}, {""k"": 2, ""R"": 0.3333333333333333, ""Q"": 0.66125, ""Q0"": 0.66125, ""dQ"": 0.0}, {""k"": 3, ""R"": 0.3333333333333333, ""Q"": 0.66125, ""Q0"": 0.66125, ""dQ"": 0.0}, {""k"": 4, ""R"": 0.3333333333333333, ""Q"": 0.66125, ""Q0"": 0.66125, ""dQ"": 0.0}, {""k"": 5, ""R"": 1.6666666666666667, ""Q"": 0.52625, ""Q0"": 0.66125, ""dQ"": -0.135}, {""k"": 6, ""R"": 1.6666666666666667, ""Q"": 0.52625, ""Q0"": 0.66125, ""dQ"": -0.135}, {""k"": 7, ""R"": 2.0, ""Q"": 0.509375, ""Q0"": 0.66125, ""dQ"": -0.15187499999999998}]"
Llama~3.1:70b_024,Llama~3.1:70b,6,0,0,0,1,5.0,0.66125,0.523613,-0.137637,-1.0,"[{""k"": 1, ""R"": 0.3333333333333333, ""Q"": 0.66125, ""Q0"": 0.66125, ""dQ"": 0.0}, {""k"": 2, ""R"": 0.3333333333333333, ""Q"": 0.66125, ""Q0"": 0.66125, ""dQ"": 0.0}, {""k"": 3, ""R"": 0.3333333333333333, ""Q"": 0.66125, ""Q0"": 0.66125, ""dQ"": 0.0}, {""k"": 4, ""R"": 0.3333333333333333, ""Q"": 0.66125, ""Q0"": 0.66125, ""dQ"": 0.0}, {""k"": 5, ""R"": 1.8079333333333334, ""Q"": 0.523613, ""Q0"": 0.66125, ""dQ"": -0.137637}, {""k"": 6, ""R"": 1.8079333333333334, ""Q"": 0.523613, ""Q0"": 0.66125, ""dQ"": -0.137637}]"
Llama~3.1:70b_025,Llama~3.1:70b,7,0,0,0,1,5.0,0.66125,0.509375,-0.15187499999999998,-1.0,"[{""k"": 1, ""R"": 0.3333333333333333, ""Q"": 0.66125, ""Q0"": 0.66125, ""dQ"": 0.0}, {""k"": 2, ""R"": 0.3333333333333333, ""Q"": 0.66125, ""Q0"": 0.66125, ""dQ"": 0.0}, {""k"": 3, ""R"": 0.3333333333333333, ""Q"": 0.66125, ""Q0"": 0.66125, ""dQ"": 0.0}, {""k"": 4, ""R"": 0.3333333333333333, ""Q"": 0.66125, ""Q0"": 0.66125, ""dQ"": 0.0}, {""k"": 5, ""R"": 2.0, ""Q"": 0.509375, ""Q0"": 0.66125, ""dQ"": -0.15187499999999998}, {""k"": 6, ""R"": 2.0, ""Q"": 0.509375, ""Q0"": 0.66125, ""dQ"": -0.15187499999999998}, {""k"": 7, ""R"": 2.0, ""Q"": 0.509375, ""Q0"": 0.66125, ""dQ"": -0.15187499999999998}]"
Llama~3.1:70b_026,Llama~3.1:70b,4,1,0,1,1,,0.66125,0.663005,0.001754999999999951,0.316227766016838,"[{""k"": 1, ""R"": 0.3333333333333333, ""Q"": 0.66125, ""Q0"": 0.66125, ""dQ"": 0.0}, {""k"": 2, ""R"": 0.5, ""Q"": 0.741974, ""Q0"": 0.66125, ""dQ"": 0.08072400000000002}, {""k"": 3, ""R"": 0.5, ""Q"": 0.804784, ""Q0"": 0.66125, ""dQ"": 0.14353400000000005}, {""k"": 4, ""R"": 1.0, ""Q"": 0.663005, ""Q0"": 0.66125, ""dQ"": 0.001754999999999951}]"
Llama~3.1:70b_027,Llama~3.1:70b,6,0,0,1,1,,0.66125,0.72645,0.06520000000000004,-0.1543033499620919,"[{""k"": 1, ""R"": 0.3333333333333333, ""Q"": 0.790076, ""Q0"": 0.66125, ""dQ"": 0.128826}, {""k"": 2, ""R"": 0.3333333333333333, ""Q"": 0.747111, ""Q0"": 0.66125, ""dQ"": 0.08586099999999997}, {""k"": 3, ""R"": 0.3333333333333333, ""Q"": 0.75044, ""Q0"": 0.66125, ""dQ"": 0.08918999999999999}, {""k"": 4, ""R"": 0.5, ""Q"": 0.777828, ""Q0"": 0.66125, ""dQ"": 0.11657799999999996}, {""k"": 5, ""R"": 0.5, ""Q"": 0.804811, ""Q0"": 0.66125, ""dQ"": 0.14356100000000005}, {""k"": 6, ""R"": 0.75, ""Q"": 0.72645, ""Q0"": 0.66125, ""dQ"": 0.06520000000000004}]"
Llama~3.1:70b_028,Llama~3.1:70b,4,0,0,0,1,1.0,0.842148,0.855133,0.012985000000000024,,"[{""k"": 1, ""R"": 0.3333333333333333, ""Q"": 0.8048, ""Q0"": 0.842148, ""dQ"": -0.03734800000000005}, {""k"": 2, ""R"": 0.3333333333333333, ""Q"": 0.85448, ""Q0"": 0.842148, ""dQ"": 0.01233200000000001}, {""k"": 3, ""R"": 0.3333333333333333, ""Q"": 0.855052, ""Q0"": 0.842148, ""dQ"": 0.012904000000000027}, {""k"": 4, ""R"": 0.3333333333333333, ""Q"": 0.855133, ""Q0"": 0.842148, ""dQ"": 0.012985000000000024}]"
Llama~3.1:70b_029,Llama~3.1:70b,7,0,0,0,1,1.0,0.855734,0.791322,-0.06441200000000002,-0.8660254037844388,"[{""k"": 1, ""R"": 0.3333333333333333, ""Q"": 0.850598, ""Q0"": 0.855734, ""dQ"": -0.005136000000000029}, {""k"": 2, ""R"": 0.3333333333333333, ""Q"": 0.859804, ""Q0"": 0.855734, ""dQ"": 0.004070000000000018}, {""k"": 3, ""R"": 0.3333333333333333, ""Q"": 0.857105, ""Q0"": 0.855734, ""dQ"": 0.001371000000000011}, {""k"": 4, ""R"": 0.3333333333333333, ""Q"": 0.856811, ""Q0"": 0.855734, ""dQ"": 0.0010769999999999946}, {""k"": 5, ""R"": 0.5, ""Q"": 0.804812, ""Q0"": 0.855734, ""dQ"": -0.05092200000000002}, {""k"": 6, ""R"": 0.5, ""Q"": 0.797445, ""Q0"": 0.855734, ""dQ"": -0.058289000000000035}, {""k"": 7, ""R"": 0.5, ""Q"": 0.791322, ""Q0"": 0.855734, ""dQ"": -0.06441200000000002}]"
Llama~3.1:70b_030,Llama~3.1:70b,5,0,0,0,1,1.0,0.849246,0.757222,-0.092024,-0.8660254037844386,"[{""k"": 1, ""R"": 0.3333333333333333, ""Q"": 0.843234, ""Q0"": 0.849246, ""dQ"": -0.006011999999999906}, {""k"": 2, ""R"": 0.3333333333333333, ""Q"": 0.82123, ""Q0"": 0.849246, ""dQ"": -0.02801599999999993}, {""k"": 3, ""R"": 0.3333333333333333, ""Q"": 0.850626, ""Q0"": 0.849246, ""dQ"": 0.0013800000000000479}, {""k"": 4, ""R"": 0.6666666666666666, ""Q"": 0.72011, ""Q0"": 0.849246, ""dQ"": -0.12913599999999992}, {""k"": 5, ""R"": 0.6666666666666666, ""Q"": 0.757222, ""Q0"": 0.849246, ""dQ"": -0.092024}]"
