Group,Condition,Intent/Params,Trials,Successes,Rate,95% CI
Temperature,T=0.1,,5,0,0%,"[0.00, 0.43]"
Temperature,T=0.3,,5,0,0%,"[0.00, 0.43]"
Temperature,T=0.5,,5,0,0%,"[0.00, 0.43]"
Temperature,T=0.7,,5,0,0%,"[0.00, 0.43]"
Intent,original,Triple the data rate for the internet slice safely,5,0,0%,"[0.00, 0.43]"
Intent,explicit,Increase the data rate for the internet slice to 6,5,0,0%,"[0.00, 0.43]"
Intent,procedural,Gradually raise the data rate for the internet sli,5,0,0%,"[0.00, 0.43]"
Intent,aggressive,Maximize the data rate for the internet slice,5,0,0%,"[0.00, 0.43]"
Defense,original (fallback),beta=0.5,5,0,0%,
